original_url,Image,caption
https://kenh14cdn.com/203336854389633024/2023/8/4/photo-8-16911564478401382543225.jpg,Picture,"Bức ảnh chụp từ trên cao xuống một con đường đông đúc với nhiều phương tiện giao thông, chủ yếu là ô tô và xe máy. Các phương tiện được sắp xếp theo chiều dọc, tạo thành một hình chữ U.  Có thể nhận thấy các phương tiện đang di chuyển rất nhanh, có thể là do thời tiết mưa hoặc do hoạt động của người lái xe. Ngoài ra, còn có những người đi bộ và xe máy đang lưu thông ở phía bên phải của bức ảnh. Bức ảnh cho thấy sự nhộn nhịp của cuộc sống tại Việt Nam vào ban đêm."
https://nguoiduatin.mediacdn.vn/media/nguyen-huu-thang/2020/12/24/ndt.jpg,Picture,"Bức ảnh chụp từ trên cao, cho thấy một giao lộ đông đúc với nhiều phương tiện giao thông. Phía bên phải là một tòa nhà có biển hiệu ""BRIDGESTONE"" được viết bằng chữ in hoa màu đỏ nổi bật trên nền trắng. Phía bên trái là một con đường hẹp với nhiều xe ô tô và xe máy đang lưu thông. Trên đường có nhiều cây xanh và đèn tín hiệu giao thông."
https://i.ytimg.com/vi/jTogybuJ6GE/hq720.jpg?sqp=-oaymwEhCK4FEIIDSFryq4qpAxMIARUAAAAAGAElAADIQj0AgKJD&rs=AOn4CLBhXcm0peXYAGtgnXdEWtvhkTgjIw,Picture,"Bức ảnh chụp một con đường với hai người phụ nữ đang lái xe máy và một chiếc xe buýt đang chạy trên đường. Phía bên phải của bức ảnh là một trạm bến xe buýt với bảng hiệu ghi dòng chữ ""Thay Đổi Rất Nhiều Diện Mạo Mới Giao Thông Hà Nội Ngày Nay"". Ở phía trên cùng của bức ảnh có dòng chữ ""Khám Phá Cung Đường Ven Bờ Sông Tô Lịch"" được viết bằng font chữ màu vàng nổi bật trên nền xanh lá cây."
https://danviet.mediacdn.vn/296231569849192448/2022/10/26/9-16667553676062131381334-16667554106262053687497.jpeg,Picture,"Bức ảnh chụp một con phố ở Việt Nam. Ở giữa bức ảnh là một tòa nhà cao tầng với biển hiệu ""LAIKA Cafe"". Phía trước tòa nhà là một con đường hẹp, có nhiều xe máy và người đi bộ qua lại. Bên phải bức ảnh là một cây xanh lớn, phía sau cây xanh là một tấm biển ghi chữ ""DANVIET WWW.DANVIET.COM""."
https://admin.vov.gov.vn/UploadFolder/KhoTin/Images/UploadFolder/VOVVN/Images/cr_w800/uploaded/mgexs9y4vcjvgv8zrkawwa/2020_02_05/VOV_1_10__FBKI.jpg,Picture,"Bức ảnh chụp một góc đường phố với nhiều phương tiện giao thông đang lưu thông. Phía trên là một tấm biển quảng cáo lớn màu xanh dương, phía dưới là các tòa nhà cao tầng. Đường phố đông đúc với nhiều xe máy và ô tô đang lưu thông."
https://taplai.com/img/baiviet/kinh-nghiem-lai-xe-trong-thanh-pho-gio-cao-diem-2.jpg,Picture,"Bức ảnh chụp từ trên cao xuống một con đường đông đúc với nhiều phương tiện giao thông, chủ yếu là xe máy và ô tô.  Có thể thấy rõ các biển báo giao thông như ""Hà Nội - Bình Phước"", ""Chợ Đà Lạt"" và ""Chú Hành Luật Lê Sáng Thông Là Bảo Vệ Minh Và Mọi Người"". Ngoài ra, còn có những biển hiệu quảng cáo của các cửa hàng ở hai bên đường."
https://ttol.vietnamnetjsc.vn/images/2021/08/31/19/36/covid-19-tp-hcm-001.jpg,Picture,"Bức ảnh chụp cảnh một cảnh sát giao thông đang kiểm tra giấy tờ của một người lái xe. Người lái xe mặc áo xanh lá cây, đội mũ bảo hiểm màu xanh lá cây và đeo khẩu trang y tế. Người giao thông mặc đồng phục màu be, đội mũ bảo hiểm màu vàng có in chữ ""CSGT"". Người lái xe đang cầm điện thoại di động và sử dụng nó để kiểm tra giấy tờ của người này. Bức ảnh được chụp từ góc nghiêng, cho phép người xem nhìn thấy toàn bộ khuôn mặt của người lái xe và người giao thông."
https://photo.znews.vn/w660/Uploaded/kbfhuo3/2021_08_31/AJ8I2048_zing.jpg,Picture,"Bức ảnh chụp một con đường ở Việt Nam. Đường phố đông đúc với nhiều phương tiện giao thông, chủ yếu là ô tô và xe máy. Hai bên đường là các tòa nhà cao tầng, có biển hiệu quảng cáo bằng tiếng Việt.  Có thể nhận diện được một số biển hiệu như: ""Cá Biển Mới Giờ"", ""Nhà Thuốc Gia Tốt"", ""Minh Chánh""."
https://cdnphoto.dantri.com.vn/lD1GLVJA8uWRbqDcoVeXBpbpZfw=/thumb_w/1920/2025/01/09/tac-duong-hanoi8-1736402775216.jpg,Picture,"Bức ảnh chụp một con đường đông đúc với nhiều phương tiện giao thông, chủ yếu là xe máy và ô tô. Phía bên trái của bức ảnh là một cây cầu bê tông cao, trên đỉnh cầu có treo biển quảng cáo màu vàng cam. Phía bên phải của bức ảnh là những hàng cây xanh rậm rạp, tạo nên khung cảnh thiên nhiên tươi đẹp. Ở phía dưới cùng của bức ảnh là dòng chữ ""Dân Trí"" được in đậm, thể hiện nguồn gốc của bức ảnh."
https://icdn.24h.com.vn/upload/1-2022/images/2022-03-02/Ngo-ngang-duong-pho-Ha-Noi-vang-ve-nguoi-xe-ngay-gio-cao-diem-1-1646192586-918-width2560height1440.jpg,Picture,"Hình ảnh cho thấy một con phố đông đúc với nhiều phương tiện giao thông, chủ yếu là xe máy. Đường phố được lát nhựa và có vạch kẻ đường rõ ràng. Hai bên đường có nhiều cây xanh và các tòa nhà cao tầng."
https://tapchigiaothong.qltns.mediacdn.vn/tapchigiaothong.vn/files/thu.ha/2018/05/15/1-1645.jpg,Picture,"Bức ảnh chụp từ trên cao, cho thấy một giao lộ đông đúc với nhiều phương tiện giao thông như xe máy, ô tô và xe buýt. Các phương tiện được sắp xếp theo hàng dọc, tạo thành một hình chữ nhật lớn. Phía bên phải của bức ảnh là một tòa nhà cao tầng, có thể là một trung tâm thương mại hoặc khu vực công cộng."
https://bcp.cdnchinhphu.vn/334894974524682240/2024/7/16/edit-long-thanh-17211463870331246147133.png,Picture,"Bức ảnh chụp từ trên cao, cho thấy một con đường cao tốc với nhiều xe cộ đang lưu thông. Phía bên phải của bức ảnh là một biển quảng cáo lớn với dòng chữ ""QUÁT ĐIỆN CAO CẤP 25 SENKO"" và dòng chữ nhỏ hơn bên dưới ""Làm Hát Chơi Với Sống""."
https://images2.thanhnien.vn/528068263637045248/2023/11/12/base64-1699763797481670128546.jpeg,Picture,"Bức ảnh chụp từ trên cao, cho thấy một ngã tư đường đông đúc với nhiều phương tiện giao thông đang lưu thông. Ở trung tâm của bức ảnh là một vòng xoay hình tròn được bao quanh bởi những cây xanh và hoa. Các phương tiện giao thông như ô tô, xe tải, xe buýt,... đang lưu thông đều đặn trong vòng xoay này. Phía sau vòng xoay là các tòa nhà cao tầng, tạo nên khung cảnh đô thị nhộn nhịp. Ngoài ra, có thể nhìn thấy một số biển hiệu quảng cáo ở phía bên phải của bức ảnh."
https://image.bnews.vn/MediaUpload/Org/2022/08/01/100227-ha-noi-tac-duong-gio-cao-diem-tai-nut-giao-thong-nga-tu-so-nguyen-trai-trong-ngay-dau-thang-8.jpg,Picture,"Bức ảnh chụp từ trên cao xuống một con đường đông đúc với nhiều phương tiện giao thông, chủ yếu là ô tô và xe máy. Các phương tiện được sắp xếp theo chiều dọc, tạo thành một hình chữ nhật lớn. Phía bên trái của bức ảnh là những hàng cây xanh mát, phía bên phải là những tòa nhà cao tầng. Trên đường có rất nhiều xe cộ lưu thông, chủ yếu là các loại xe khác nhau như ô tô, xe tải, xe máy. Có thể nhận thấy đây là một khu vực đô thị ở Việt Nam."
https://cdn.tuoitre.vn/thumb_w/480/471584752817336320/2025/1/11/base64-17365565686501524660844.jpeg,Picture,"Bức ảnh chụp một con đường đông đúc với nhiều phương tiện giao thông, chủ yếu là xe máy và ô tô. Phía trước là một chiếc xe buýt màu xanh dương có dòng chữ ""Xe buýt Hà Nội"" được hiển thị trên màn hình LED. Bên cạnh xe buýt là một chiếc xe tải màu trắng. Ở góc dưới bên phải của bức ảnh là logo ""tuổi trẻ online""."
https://phapluatxahoi.kinhtedothi.vn/stores/news_dataimages/khanhhuy/082021/16/18/4009_plxh_duongphodongduc-4.jpg?rt=20210816184333,Picture,"Bức ảnh chụp từ trên cao xuống một con đường ở Việt Nam. Đường phố đông đúc với nhiều phương tiện giao thông đang lưu thông, chủ yếu là xe máy và ô tô. Ở phía bên phải của bức ảnh, có một biển báo màu xanh lá cây với dòng chữ ""Pháp luật Xã hội""."
https://cdn.daibieunhandan.vn/images/b9dccf2610944215cc16af20b31f484109c91e2bd3b7c5e87723b10183dfd2b7de9774de0ba3aadfd739e24df8b05c977b3c00d47fff332d65d033dfc5828eaf9eed57ccca4304f9a63d173708c29d465a84ccedfe722b71135366c523369ebf/z4110319565326_a0dde2b6ef31d9dde-1676425694766.jpg,Picture,"Bức ảnh chụp một con đường ở Việt Nam, có hai chiếc xe buýt màu đỏ và nâu đang đỗ bên lề đường. Xe buýt màu đỏ có biển số 29B - 605.12, xe buýt màu nâu có biển số 29B - 610.05. Phía trước xe buýt màu nâu là một người đàn ông đang lái xe máy. Trên xe buýt màu nâu có dòng chữ ""LEUX LIMOUSINE""."
https://image.plo.vn/w1000/Uploaded/2024/fcivpwib/2024_12_05/trung-tam-tp-nha-trang-1267.jpg.webp,Picture,"Bức ảnh chụp một con đường đông đúc với nhiều phương tiện giao thông, chủ yếu là ô tô và xe máy. Ở phía bên phải của bức ảnh, có một biển quảng cáo lớn với dòng chữ ""Ngụm dầu, Heineken"" được in màu xanh lá cây nổi bật trên nền trắng. Bên cạnh đó, còn có các biển quảng cáo khác như ""Heineken"", ""TAXI"". Phía trước những chiếc xe ô tô, có một nhóm người đang xếp hàng chờ đợi để đi bộ qua đường."
https://cdnmedia.baotintuc.vn/Upload/CCcQv1fjdlI5Hob1jh0mA/files/2019/03/11/IMG_0873.jpg,Picture,"Bức ảnh chụp từ trên cao xuống một con đường đông đúc với nhiều phương tiện giao thông, chủ yếu là xe máy và ô tô. Có rất nhiều người đang di chuyển trên đường, trong đó có những người đội mũ bảo hiểm. Phía bên trái của bức ảnh là một chiếc xe buýt màu xanh lá cây, số hiệu 298-033.01. Bên phải của bức ảnh là một biển quảng cáo lớn với dòng chữ ""Xã"" được viết bằng tiếng Việt."
https://media-cdn-v2.laodong.vn/storage/newsportal/2024/12/6/1431433/1N-01.jpg?w=800&h=496&crop=auto&scale=both,Picture,"Bức ảnh chụp một con hẻm nhỏ hẹp với hai bên là các tòa nhà. Bên trái là một tấm biển màu xanh dương ghi chữ ""Ngõ 12C THƯỢNG ĐINH"" và bên phải là một tấm biển màu đỏ ghi chữ ""Lê"". Phía trước là một người đàn ông đội mũ bảo hiểm đang lái xe máy, phía sau là một chiếc xe máy khác. Trên tường bên phải có một bảng hiệu màu đỏ ghi chữ ""TÂM QUẬT NHẤT TÍN""."
https://image.anninhthudo.vn/h600/Uploaded/2025/wpjwcdhnw/2024_06_05/antd-mua-giong04-1838.jpg,Picture,"Bức ảnh chụp một con đường đông đúc với nhiều phương tiện giao thông, chủ yếu là ô tô và xe máy.  Có thể nhận thấy các biển báo giao thông được treo trên cao, bao gồm: 
- Biển báo màu xanh dương có dòng chữ ""HỘI NGÀY NHÀ TỰ SỐ"", ""NƯỚC GIAO CẦU GIÁO DỤC"" và ""SẢN MẸ QUỐC TẾ"". 
- Biển báo màu xanh dương có dòng chữ ""ĐƯỜNG LÃNG"", ""MỘT GIÁO CẦU GIÁO DỤC"" và ""CẢI NHẤT TÂN"". 
- Biển báo màu xanh dương có dòng chữ ""KIM NGAN"", ""0977 44 55 88"". 
- Biển báo màu xanh dương có dòng chữ ""LƯỢNG TRƯỜNG"", ""TRƯỜNG ĐẠI HỌC KHOA HỌC VIỆT NAM"". 
- Biển báo màu xanh dương có dòng chữ ""VĂN HÓA"", ""CHUYÊN THỨC"", ""THÔNG TIN CHUYÊN THỨC""."
https://laodongthudo.vn/stores/news_dataimages/2024/052024/16/20/ha-noi-5-to-cong-tac-dac-biet-xu-ly-manh-tay-nhieu-truong-hop-vi-pham-giao-thong-gio-cao-diem-20240516202643.jpg?rt=20240516202722,Picture,"Bức ảnh chụp một cảnh đường phố với nhiều phương tiện giao thông. Ở trung tâm bức ảnh là một người đàn ông mặc đồng phục cảnh sát giao thông đang chỉ tay vào một chiếc xe máy màu đen. Bên cạnh anh ta là một người đàn ông khác cũng mặc đồng phục cảnh sát giao thông, nhưng đội mũ bảo hiểm và đeo khẩu trang y tế. Phía sau họ là một số người khác đang di chuyển trên đường, bao gồm cả những người đi xe máy. Bức ảnh được chụp từ góc nhìn ngang, cho phép người xem nhìn thấy toàn bộ cảnh quan đường phố."
https://ttol.vietnamnetjsc.vn/images/2021/08/31/19/36/covid-19-tp-hcm-013.jpg,Picture,"Bức ảnh chụp từ trên cao xuống một con đường ở Việt Nam. Đường phố đông đúc với nhiều phương tiện giao thông, chủ yếu là xe máy và ô tô. Hai bên đường là những hàng cây xanh mát. Trên vỉa hè, có một số người đang đi bộ hoặc lái xe máy."
https://nld.mediacdn.vn/291774122806476800/2023/7/12/ntd2944-168913574475562081110.jpg,Picture,"Bức ảnh chụp cảnh đường phố đông đúc với nhiều phương tiện giao thông, chủ yếu là xe máy và ô tô. Phía trước là một người đàn ông đang lái xe máy, phía sau là hàng nghìn người đang di chuyển trên đường. Bức ảnh được chụp từ góc nhìn thấp, tạo cảm giác rộng rãi và nhộn nhịp."
https://vcdn1-ngoisao.vnecdn.net/2025/01/14/Duong-pho-Ha-Noi-tac-duong-4-1736838117.jpg?w=460&h=0&q=100&dpr=1&fit=crop&s=YVWdarXgdd8H-jI_QekImA,Picture,"Bức ảnh chụp từ trên cao xuống một con đường đông đúc với nhiều phương tiện giao thông, chủ yếu là xe máy và ô tô. Có rất nhiều xe cộ đang lưu thông, tạo nên một khung cảnh nhộn nhịp. Phía bên trái của bức ảnh là một tòa nhà cao tầng với biển hiệu quảng cáo ""CHĂM SÓC BẢO VỆ THẾ GIỚI"". Phía bên phải của bức ảnh là một tòa nhà cao tầng khác cũng có biển hiệu quảng cáo ""ĐẠI PHƯƠNG""."
https://xehay.vn/uploads/images/2019/3/xehay-ANTD-Giaothong-hanoi-180319-15.jpg,Picture,"Bức ảnh chụp từ trên cao, cho thấy một giao lộ với nhiều phương tiện giao thông đang lưu thông.  Có thể nhận diện được các phương tiện giao thông như ô tô, xe tải, xe máy và xe buýt. Ngoài ra, có thể nhìn thấy các tòa nhà, cây xanh và bãi cỏ xanh mướt ở hai bên đường."
https://baogiaothong.mediacdn.vn/603483875699699712/2024/11/6/da-nang-17308595224701366253948.jpg,Picture,"Bức ảnh chụp một con đường ở Việt Nam. Đường phố đông đúc với nhiều phương tiện giao thông, chủ yếu là xe máy và ô tô. Hai bên đường là những hàng cây xanh mát, tạo bóng mát cho người đi đường. Trên đường có các biển báo giao thông như đèn tín hiệu dừng, cấm đậu xe, v.v."
https://danviet.mediacdn.vn/296231569849192448/2022/10/26/4-16667553673871522092331-1666755410414775186647.jpeg,Picture,"Bức ảnh chụp một con phố ở Việt Nam. Ở phía trước là một người phụ nữ đội nón lá đang đạp xe, bên cạnh là một chiếc xe máy màu trắng. Phía sau người phụ nữ là một cửa hàng có biển hiệu ""Anh Như"" với dòng chữ ""Bán áo Lên Lan - Bán buôn - Bán lẻ"". Cửa hàng được sơn màu vàng nhạt và có mái che bằng tôn. Bên cạnh cửa hàng là một tòa nhà cao tầng với nhiều cửa sổ và ban công. Trên tường của tòa nhà có treo những tấm biển quảng cáo giao thông."
https://cafefcdn.com/203337114487263232/2024/8/20/205818-un-tac-giao-thong-20220614143949-1724137886423-1724137886626587181148.jpg,Picture,"Bức ảnh chụp từ trên cao xuống một con đường đông đúc với nhiều phương tiện giao thông, chủ yếu là ô tô và xe máy. Có rất nhiều người đang di chuyển trên đường, trong đó có cả những người đội mũ bảo hiểm. Phía bên phải của bức ảnh, có một bảng hiệu màu đỏ với dòng chữ ""KHU VUI CHO TRẺ""."
https://icar.vn/wp-content/uploads/2022/12/icar.vn-tai-cung-chi-cach-lai-xe-gio-cao-diem-trong-thanh-pho-tai-cung-chi-cach-lai-xe-gio-cao-diem-trong-thanh-pho-5.png,Picture,"Bức ảnh chụp cảnh một con đường ở Việt Nam. Ở phía trước là một chiếc xe tải màu trắng có biển số 51C - 896.12, bên cạnh là một người đàn ông đội mũ bảo hiểm đang lái xe máy. Phía sau xe tải là một nhóm người đang ngồi trên xe máy, trong đó có một người phụ nữ mặc áo xanh da trời và một người đàn ông mặc áo khoác đen. Bên phải của bức ảnh là một tòa nhà với biển hiệu ""ĐÁP ỨNG MỌI""."
https://cdn-i.vtcnews.vn/resize/th/upload/2021/10/15/xe-bus-tro-lai-16-09552882.jpg,Picture,"Hình ảnh chụp từ trên cao xuống, cho thấy một con đường đông đúc với nhiều phương tiện giao thông đang lưu thông. Các phương tiện bao gồm ô tô, xe máy và xe tải. Có rất nhiều người tham gia giao thông, chủ yếu là những người đi bộ hoặc lái xe máy. Bên cạnh đó, có một số cây xanh được trồng dọc theo hai bên đường. Ở góc trên bên trái của hình ảnh, có dòng chữ ""VTC NEWS"" và dòng chữ nhỏ hơn ""Hơi thở cuộc sống""."
https://staticgthn.kinhtedothi.vn/zoom/868/uploaded/phamcong/2022_10_26/z3827323732685df6d2e238d51bda19daa6259b77067b7_pytp.jpg,Picture,"Bức ảnh chụp cảnh đường phố với nhiều phương tiện giao thông đang lưu thông. Ở phía trước là một chiếc xe tải màu trắng, có dòng chữ ""2017"" được in trên thân xe. Phía sau xe tải là một nhóm người đang đi bộ và lái xe máy. Bên phải của bức ảnh là một cây xanh lớn, rợp bóng mát. Trên cao là bầu trời trong xanh với những đám mây trắng."
https://images.kienthuc.net.vn/zoom/800/uploaded/vuson/2020_04_09/mua-vang-xoi-xa-duong-pho-sai-gon-thong-thoang-du-gio-cao-diem-hinh-2.jpg,Picture,"Bức ảnh chụp một con đường đông đúc với nhiều phương tiện giao thông, chủ yếu là xe máy và ô tô. Các phương tiện đang di chuyển trên đường, tạo ra những tia sáng rực rỡ. Phía sau các phương tiện là những tòa nhà cao tầng, được bao phủ bởi sương mù.  Có thể nhận thấy rằng thời tiết có vẻ khắc nghiệt, mưa rất lớn."
https://hnm.1cdn.vn/2024/10/23/462543710_1069736181609735_2903801589317678601_n.jpg,Picture,"Bức ảnh chụp từ trên cao, cho thấy một giao thông đông đúc với nhiều phương tiện giao thông như xe máy, ô tô, xe buýt. Các phương tiện được sắp xếp theo hàng ngang và dọc, tạo nên một cảnh tượng nhộn nhịp. Bên cạnh đó, bức ảnh còn cho thấy các tòa nhà cao tầng ở phía xa, góp phần làm nổi bật khung cảnh này."
https://bna.1cdn.vn/2024/09/30/img_1388(1).jpeg,Picture,"Bức ảnh chụp một con đường với nhiều xe cộ đang di chuyển. Phía bên phải của bức ảnh là một chiếc xe tải màu xanh dương, có dòng chữ ""37C 30.91 Deli"" được in trên thân xe. Ngoài ra, còn có một số biển báo giao thông và các tòa nhà cao tầng ở phía xa. Bức ảnh được chụp vào một ngày nắng đẹp, bầu trời trong xanh."
https://photo.znews.vn/w660/Uploaded/kbfhuo3/2021_08_31/538A0347_zing.jpg,Picture,"Bức ảnh chụp một con đường ở Việt Nam với nhiều phương tiện giao thông đang lưu thông. Có thể nhận thấy các phương tiện giao thông bao gồm ô tô, xe máy và xe đạp. Ngoài ra còn có những người đi bộ trên đường. Bức ảnh được chụp từ góc nhìn ngang, cho phép người xem nhìn thấy toàn bộ con đường và các phương tiện giao thông."
https://suckhoedoisong.qltns.mediacdn.vn/324455921873985536/2024/5/17/csgt-6-1715909734043238449427.jpg,Picture,"Bức ảnh chụp cảnh đường phố với nhiều phương tiện giao thông, bao gồm xe máy và ô tô. Ở trung tâm bức ảnh là một cảnh sát giao thông mặc đồng phục màu vàng đang chỉ tay vào một người đàn ông ngồi trên xe máy. Phía sau cảnh sát giao thông là một bảng hiệu quảng cáo của một cửa hàng có tên ""THANH HUYỀN QUẠT ĐIỆN 4 LÙA"". Trên bảng hiệu có dòng chữ ""CHUYÊN CUNG CẤP QUẠT ĐIỆN CÁC CÔNG TRÌNH UY TÍN, CHẤT LƯỢNG, BẢO HÀNH DẪN"" và số điện thoại liên lạc: ""DT: 083 543 9999 - 036 655 5888"". Bên dưới bảng hiệu là dòng chữ ""ĐC: 54 NGUYỄN LƯƠNG BẰNG"" và số điện thoại liên lạc: ""DT: 098 18"". Ngoài ra, bức ảnh còn cho thấy các chi tiết khác như cây cối, biển báo giao thông, v.v."
https://cdn-i.doisongphapluat.com.vn/resize/th/upload/2024/05/03/ha-noi-un-tac-keo-dai-dan-van-phong-chat-vat-dung-gio-cao-diem10-11051169.jpg,Picture,"Bức ảnh chụp từ trên cao xuống một con đường đông đúc với nhiều phương tiện giao thông, chủ yếu là xe máy và ô tô. Phía bên phải của bức ảnh là một tòa nhà cao tầng với biển hiệu ""P342"". Ở góc dưới bên phải của bức ảnh có dòng chữ ""LAO ĐỘNG laodong.vn""."
https://img.lsvn.vn/resize/th/upload/2024/11/19/base64-17319040071481841321966-15180797.jpeg,Picture,"Bức ảnh chụp một con hẻm nhỏ với một biển báo giao thông màu xanh dương ở phía trước. Biển báo có dòng chữ ""NGÕ 12E THƯỢNG ĐỊNH"" và logo ""LED"". Bên cạnh biển báo là một hàng rào chắn bằng sắt sơn trắng đỏ. Phía sau biển báo là một cửa hàng có bảng hiệu màu đỏ với dòng chữ ""CÔNG TY CỔ PHẦN NHẬT TÍN"". Trên tường của cửa hàng có một tấm biển quảng cáo hình chữ nhật màu đỏ với dòng chữ ""PHÒNG MÁY CHẤT LƯỢNG VÀ TRUYỀN THÔNG NHA TIN""."
https://congluan-cdn.congluan.vn/files/content/2023/01/30/giao-thong_4-10381111.jpg,Picture,"Bức ảnh chụp từ trên cao xuống một con đường đông đúc với nhiều phương tiện giao thông, chủ yếu là ô tô và xe máy. Đường phố được bao phủ bởi những tòa nhà cao tầng, tạo nên khung cảnh đô thị hiện đại. Bên cạnh đó, có thể nhận diện được các biển hiệu quảng cáo như ""CÔNG LUẬN"" ở góc dưới bên phải của bức ảnh."
https://file.baothuathienhue.vn/data/0/images/2023/03/06/upload_3835/z4160300186235-a27fda6abb42c0c989500f4f7b860f5d.jpg?dpi=150&quality=100&w=1920,Picture,"Bức ảnh chụp cảnh đường phố với nhiều phương tiện giao thông, bao gồm ô tô, xe máy và người đi bộ. Ở giữa bức ảnh là một cảnh sát giao thông đang điều khiển đèn tín hiệu giao thông. Phía sau cảnh sát là một tòa nhà cao tầng với biển hiệu ""TPBank"". Bên cạnh đó, có thể nhận diện được các biển hiệu quảng cáo của các cửa hàng như ""Thế"" và ""Vòng Cánh""."
https://kenh14cdn.com/203336854389633024/2021/1/12/8-16104645380091180499070.jpg,Picture,"Bức ảnh chụp từ trên cao xuống một con đường đông đúc với nhiều phương tiện giao thông, chủ yếu là ô tô và xe máy. Phía bên phải của bức ảnh là một tòa nhà cao tầng màu trắng, phía bên trái là những tòa nhà cao tầng khác.  Bức ảnh được chụp vào một ngày nắng đẹp, bầu trời có màu xanh nhạt."
https://cdn.vietnam.vn/wp-content/uploads/2024/10/Khong-dam-ve-nha-gio-cao-diem-vi-qua-ngan.jpg,Picture,"Bức ảnh chụp từ trên cao xuống một con đường đông đúc với nhiều phương tiện giao thông, chủ yếu là ô tô và xe máy. Có rất nhiều người đang di chuyển trên đường, trong đó có những người đang lái xe máy hoặc đi bộ. Phía bên trái của bức ảnh là một tòa nhà màu vàng với biển hiệu ""P234"" được viết bằng chữ in hoa màu xanh lá cây. Phía bên phải của bức ảnh là một tòa nhà màu vàng khác cũng có biển hiệu ""P234"" được viết bằng chữ in hoa màu xanh lá cây."
https://icdn.24h.com.vn/upload/4-2024/images/2024-11-19//1731986965-w-1-thuong-dinh-4149--width1920height1280.jpg,Picture,"Bức ảnh chụp cảnh đường phố với một biển báo giao thông màu xanh dương ở phía trước. Biển báo ghi ""NGÕ 127 ĐƯỜNG NGUYỄN TRÃI"". Phía sau biển báo là một người đàn ông đang lái xe máy, bên cạnh là hai chiếc xe máy khác cũng đang di chuyển trên vỉa hè. Bên phải của bức ảnh là một hàng rào sắt màu xanh lá cây và một tòa nhà có cửa sổ màu nâu sẫm. Trên tường của tòa nhà có treo một cờ đỏ sao vàng."
https://cdn.daibieunhandan.vn/images/b9dccf2610944215cc16af20b31f484109c91e2bd3b7c5e87723b10183dfd2b7f055a523e3a381efb69bbc60cfc89dc565ec7ddb5b277a93dd1aab82c737f9cad239d3e7c9ba1218d53c1b6cc57bcfe15a84ccedfe722b71135366c523369ebf/z4110323411727_b21b2e76c4d0a5e1c-1676425515158.jpg,Picture,"Bức ảnh chụp cảnh đường phố với nhiều phương tiện giao thông, chủ yếu là xe máy và xe buýt. Ở phía trước là một chiếc xe buýt màu đỏ trắng có dòng chữ ""LIVERSEY"" được in trên thân xe. Phía sau xe buýt là một người đàn ông mặc áo khoác nâu đang lái xe máy. Bên cạnh xe buýt là một người đàn ông khác cũng đang lái xe máy. Ngoài ra, còn có một số người đi bộ trên đường. Bức ảnh được chụp từ góc nhìn ngang, cho phép người xem nhìn thấy toàn bộ con đường và các phương tiện giao thông."
https://afamilycdn.com/150157425591193600/2025/1/13/giaothonghanoidipcantet114-1736769067434-1736769070832819413910.jpg,Picture,"Bức ảnh chụp từ trên cao xuống một con đường đông đúc với nhiều phương tiện giao thông, chủ yếu là ô tô và xe máy. Phía bên phải của bức ảnh là một cây cầu bê tông dài, có thể là cầu vượt hoặc cầu thang. Ở phía xa, có thể nhìn thấy các tòa nhà cao tầng và những hàng cây xanh rợp bóng mát. Bức ảnh được chụp vào một ngày nắng đẹp, bầu trời trong xanh."
https://baoxaydung.com.vn/stores/news_dataimages/2023/062023/19/22/image00320230619225251.jpg?rt=20230619225326,Picture,"Bức ảnh chụp cảnh đường phố đông đúc với nhiều phương tiện giao thông, chủ yếu là ô tô và xe máy. Phía bên trái của bức ảnh là một tòa nhà cao tầng, phía trước tòa nhà là một hàng cây xanh rợp bóng mát. Phía sau tòa nhà là một biển hiệu quảng cáo có dòng chữ ""Doppel"" màu đỏ nổi bật trên nền trắng.  Bên phải bức ảnh là những tòa nhà cao tầng khác, tạo nên khung cảnh đô thị nhộn nhịp."
https://vcdn1-ngoisao.vnecdn.net/2025/01/14/Duong-pho-Ha-Noi-tac-duong-3-1736838117.jpg?w=460&h=0&q=100&dpr=1&fit=crop&s=K_0TKjtzEq-XdTcmM-R75Q,Picture,"Bức ảnh chụp từ trên cao, cho thấy một con đường đông đúc với nhiều phương tiện giao thông. Có thể nhận thấy các phương tiện giao thông bao gồm ô tô, xe máy và xe buýt. Các phương tiện đang di chuyển theo lối đi thẳng hàng, tạo nên một cảnh tượng nhộn nhịp. Ngoài ra, có thể nhìn thấy một số biển báo giao thông như ""NGOISAO"" và ""MYDINH""."
https://cdn.tuoitre.vn/thumb_w/730/471584752817336320/2025/1/4/20250104-psn-tto-xe-khach-du-lich-tai-duong-bo-ke-tp-nha-trang-06022020-anh-phansongngan-1735997570444381981287.jpg,Picture,"Bức ảnh chụp từ trên cao, cho thấy một khu vực đông đúc với nhiều xe buýt đang đậu.  Có thể nhận diện được các loại xe buýt như: xe buýt trắng, xe buýt xanh dương và xe buýt màu đỏ. Ngoài ra, có thể nhìn thấy một số biển hiệu quảng cáo bia Saigon ở phía bên phải của bức ảnh."
https://admin.vov.gov.vn/UploadFolder/KhoTin/Files/UploadFolder/VOVVN/Files/cr_w800/uploaded/mgexs9y4vcjvgv8zrkawwa/2020_02_05/VOV_1_5__KEUL.JPG,Picture,"Bức ảnh chụp một con đường với nhiều phương tiện giao thông đang lưu thông. Có 4 người đang lái xe máy, trong đó có 2 người mặc áo đỏ và 2 người mặc áo xanh dương. Phía bên phải của bức ảnh là một hàng cây xanh rậm rạp, phía xa là một tòa nhà cao tầng. Bức ảnh được chụp từ góc nhìn ngang, cho phép người xem nhìn thấy toàn bộ con đường và các phương tiện giao thông."
https://image.bnews.vn/MediaUpload/Org/2022/08/01/100220-ha-noi-tac-duong-gio-cao-diem-tai-nut-giao-thong-nga-tu-so-nguyen-trai-trong-ngay-dau-tuan.jpg,Picture,"Bức ảnh chụp từ trên cao xuống, cho thấy một con đường đông đúc với nhiều phương tiện giao thông. Các phương tiện giao thông bao gồm ô tô, xe máy và xe tải. Có rất nhiều người đang di chuyển trên đường, chủ yếu là những người đi bộ hoặc lái xe máy. Phía bên phải của bức ảnh có một chiếc xe tải màu trắng với dòng chữ ""29H 221-77"" được in rõ ràng."
https://baogiaothong.mediacdn.vn/upload/images/2022-1/album_img/2022-03-02/img-bgt-2021-o-1646186748-width2560height1440.jpg,Picture,"Bức ảnh chụp một con đường với nhiều phương tiện giao thông, chủ yếu là xe máy và ô tô. Phía trước là một người đàn ông đang lái xe máy màu xanh lá cây. Phía bên phải của bức ảnh là một tòa nhà cao tầng. Trên vỉa hè có một hàng cây xanh mát."
https://image.plo.vn/w1000/Uploaded/2025/ofhtamzstuqg/2023_12_06/z4948150788742-0b982448653ef00b3820a3822a776a69-7854-91.jpg.webp,Picture,"Bức ảnh chụp một con phố đông đúc với nhiều phương tiện giao thông, chủ yếu là xe máy. Phía bên phải của bức ảnh là một chiếc xe tải lớn màu trắng được bao phủ bởi một tấm bạt màu xanh dương. Bên cạnh xe tải là một tòa nhà cao tầng có nhiều cửa sổ. Ở phía trước của bức ảnh là một nhóm người đang di chuyển trên đường. Có thể nhận thấy các phương tiện giao thông như xe máy, ô tô và xe buýt. Ngoài ra, còn có một số biển hiệu quảng cáo ở hai bên đường."
https://thanhnien.mediacdn.vn/uploaded/maiha/2020_01_30/img_6417_NXQY.jpg?width=500,Picture,"Bức ảnh chụp một con phố ở Việt Nam vào buổi chiều. Đường phố đông đúc với nhiều phương tiện giao thông, chủ yếu là ô tô và xe máy. Hai bên đường có nhiều cây xanh và các tòa nhà cao tầng. Trên bầu trời, ánh nắng vàng rực rỡ tạo nên khung cảnh đẹp mắt."
https://static-images.vnncdn.net/files/publish/2023/7/19/w-cc5d626a51278279db36-1-298.jpg,Picture,"Bức ảnh chụp một con đường đông đúc với nhiều phương tiện giao thông, chủ yếu là xe buýt và ô tô.  Có thể nhận diện được các phương tiện như: xe buýt màu xanh dương, xe buýt màu trắng, xe máy, xe ô tô. Ngoài ra còn có những biển báo giao thông như ""32"", ""P233"" và ""30F-696.67"".  Bức ảnh cũng cho thấy tình trạng tắc nghẽn đường với nhiều người đi bộ và xe máy đang di chuyển trên đường."
https://media.vietnamplus.vn/images/7255a701687d11cb8c6bbc58a6c807859d0e4889b99ae899ba840af6b66a9862afc93336e25b8bb3db4feb4e901c7bd48b30e2a514304d8680952bb930a95c15/quoc-lo-14b-4044.jpg.webp,Picture,"Bức ảnh chụp một con đường nhựa với nhiều phương tiện giao thông đang lưu thông. Phía bên trái của bức ảnh là một hàng rào chắn bằng kim loại, trên đó treo cờ đỏ sao vàng. Ở giữa bức ảnh là một chiếc xe buýt màu trắng có dòng chữ ""Quang Xuyên"" được in trên thân xe. Bên cạnh xe buýt là một người đàn ông đang lái xe máy. Phía bên phải của bức ảnh là một người đàn ông đang lái xe đạp. Trên cao là một biển báo giao thông với dòng chữ ""Quang Xuyên""."
https://i.ytimg.com/vi/p4Y-BH0oUJI/maxresdefault.jpg,Picture,"Hình ảnh là một bức ảnh chụp từ trên cao, cho thấy một con đường đông đúc với nhiều phương tiện giao thông như ô tô, xe máy, xe đạp. Các phương tiện đang di chuyển theo chiều ngang, tạo nên một khung cảnh nhộn nhịp. Phía dưới hình ảnh là dòng chữ ""HỖN LOẠN"" được viết bằng màu vàng nổi bật trên nền đen, bên dưới là dòng chữ ""DO MUA ĐÚNG GIỜ CAO ĐIỂM"" cũng được viết bằng màu vàng nhưng có kích thước nhỏ hơn."
https://gdtd.1cdn.vn/thumbs/540x360/2024/07/18/icdn.24h.com.vn-upload-3-2024-images-2024-07-18-_1721272553-320-thumbnail-width740height495_anh_cat_3_2-auto-crop.jpg,Picture,"Bức ảnh chụp một con đường cao tốc với nhiều phương tiện giao thông đang lưu thông. Phía trước là một chiếc ô tô màu đỏ, biển số xe là 51H - 399.52. Bên cạnh đó là một chiếc xe hơi màu trắng và một chiếc xe tải màu xanh lá cây có dòng chữ ""HAI VAN"" được in trên thân xe."
https://img.cand.com.vn/NewFiles/Images/2024/03/19/a-1710822064944.jpg,Picture,"Bức ảnh chụp từ trên cao xuống một con đường đông đúc với nhiều phương tiện giao thông, chủ yếu là ô tô và xe máy. Phía bên trái của bức ảnh là một chiếc xe buýt màu xanh dương đang di chuyển về phía trước. Trên xe buýt có dòng chữ ""Hồ Chí Minh"" được hiển thị bằng đèn LED. Bên cạnh xe buýt là một người đàn ông đội mũ bảo hiểm đang lái xe. Phía bên phải của bức ảnh là một tòa nhà cao tầng với biển hiệu ""Công ty Cổ phần Xây dựng Thành phố Hồ Chí Minh"". Dọc theo con đường là những hàng cây xanh mát tạo nên khung cảnh lung linh cho bức ảnh."
https://static.tuoitre.vn/tto/i/s626/2017/03/27/58ead15d.jpg,Picture,"Bức ảnh chụp một cảnh đường phố đông đúc với nhiều phương tiện giao thông, chủ yếu là xe máy. Ở trung tâm bức ảnh là một cảnh sát giao thông mặc đồng phục màu vàng đang điều khiển đèn tín hiệu giao thông. Phía trước cảnh sát là một người đàn ông ngồi trên xe máy, phía sau anh ta là một nhóm người khác đang di chuyển trên đường. Bức ảnh được chụp vào buổi tối, ánh đèn đường chiếu sáng tạo nên khung cảnh lung linh và nhộn nhịp."
https://baodanang.vn/dataimages/202403/original/images1730730_4__HOIANDSC_1094.jpg,Picture,"Bức ảnh chụp một con đường ở thành phố Đà Nẵng. Ở phía trước là một hàng xe máy đang di chuyển trên vỉa hè. Phía bên trái là một tòa nhà với biển hiệu ""Báo Đà Nẵng"" được treo trên cao. Bên phải là một hàng cây xanh rậm rạp, tạo bóng mát cho con đường. Trên đường có nhiều phương tiện giao thông như ô tô, xe máy và xe đạp đang lưu thông."
https://static.kinhtedothi.vn/w960/images/upload/2021/12/25/5abf258f-b284-4cd9-90ee-6c50d5f2a79f.jpg,Picture,"Bức ảnh chụp một cảnh đường phố với nhiều phương tiện giao thông. Ở phía trước là một chiếc xe buýt màu trắng, có dòng chữ ""THAHOO"" được in trên thân xe. Phía sau xe buýt là một chiếc xe ô tô màu trắng khác cũng có dòng chữ ""THAHOO"" in trên thân xe. Bên cạnh xe buýt là một chiếc xe máy màu đen và một chiếc xe hơi màu đỏ. Ngoài ra, còn có một số người đang di chuyển trên đường."
https://images2.thanhnien.vn/528068263637045248/2025/1/11/dh66335-1736576844231702038683.jpg,Picture,"Bức ảnh chụp từ trên cao, cho thấy một con đường đông đúc với nhiều phương tiện giao thông. Phía bên trái là hàng cây xanh mát, phía bên phải là những tòa nhà cao tầng. Ở trung tâm bức ảnh là một chiếc xe tải màu xanh dương có dòng chữ ""TAPHA DAI THANH1"" được in trên thân xe. Xe tải này đang di chuyển về phía trước, trong khi các phương tiện khác như ô tô, xe máy và xe buýt đều đang lưu thông ở phía sau."
https://icdn.24h.com.vn/upload/4-2020/images/2020-10-08/Ha-Noi-thay-doi-khoang-thoi-gian-gio-cao-diem-tu-20-10-2020-tac-1602152881-119-width660height440.jpg,Picture,"Bức ảnh chụp một con phố đông đúc vào ban đêm. Có rất nhiều phương tiện giao thông đang lưu thông, chủ yếu là ô tô và xe máy. Phía bên phải của bức ảnh có một tòa nhà cao tầng với biển hiệu màu xanh lá cây ""Gia Tốt"" được chiếu sáng rực rỡ. Bên trái bức ảnh là một dãy các tòa nhà cao tầng khác với những biển hiệu quảng cáo bằng tiếng Việt. Bức ảnh cho thấy một khung cảnh đô thị nhộn nhịp nhưng cũng đầy ắp sự nhộn nhịp của cuộc sống hàng ngày."
https://nguoiduatin.mediacdn.vn/zoom/642_401/media/ngac-kim-giang/2023/11/19/gio-cao-diem-phi-xe-may-len-via-he-co-bi-phat.jpg,Picture,"Bức ảnh chụp một con phố đông đúc với nhiều phương tiện giao thông, chủ yếu là xe máy và ô tô. Phía trước là một người phụ nữ mặc áo khoác màu vàng đang đi xe đạp, bên cạnh là một người đàn ông đội mũ bảo hiểm màu xanh lá cây đang ngồi trên xe máy. Bên phải là một người đàn ông đội mũ bảo hiểm màu xanh lá cây cũng đang ngồi trên xe máy. Ngoài ra còn có một số người khác đang di chuyển trên vỉa hè. Bức ảnh được chụp vào buổi tối, ánh sáng mặt trời chiếu rọi xuống con phố tạo nên khung cảnh ấm áp và lung linh."
https://cdn.daibieunhandan.vn/images/b9dccf2610944215cc16af20b31f484109c91e2bd3b7c5e87723b10183dfd2b73372b0b75da13a688be3521257febc65c73e680452ec0656159fb83c2892052f970e12148a90a687fc658b1208dff4675a84ccedfe722b71135366c523369ebf/z4110321420940_32e03e1147a2ef4c2-1676425503643.jpg,Picture,"Bức ảnh chụp một con phố ở Việt Nam. Ở phía trước là một chiếc xe buýt màu xám bạc đang đỗ bên lề đường. Phía sau xe buýt là một tòa nhà cao tầng với biển hiệu ""THELICHTH HOTEL"" được viết bằng chữ vàng nổi bật trên nền trắng. Trên tường của tòa nhà có dòng chữ ""NATURE PCS"" được viết bằng chữ đen nhỏ hơn. Phía bên trái bức ảnh là một cửa hàng có biển hiệu ""THỐNG NHẤT"". Bên phải bức ảnh là một người đàn ông đội mũ bảo hiểm màu xanh lá cây đang đi bộ trên đường."
https://file3.qdnd.vn/data/images/0/2022/12/02/vuhuyen/cau-chuong-duong.jpg?dpi=150&quality=100&w=870,Picture,"Hình ảnh cho thấy một con đường đông đúc với nhiều phương tiện giao thông, chủ yếu là ô tô và xe máy. Đường phố được bao phủ bởi những cây xanh và các tòa nhà cao tầng. Trên đường có rất nhiều xe cộ đang lưu thông, trong đó có cả xe buýt màu xanh lá cây và xe tải màu xanh dương. Bên cạnh đó, còn có một số người đi bộ trên đường."
https://cdnphoto.dantri.com.vn/hkOE1-wDJmpCUjCWq4KZ4DhrG4c=/2022/03/23/11tran-duy-hung-1648002651999.jpeg,Picture,"Bức ảnh chụp một con đường đông đúc với nhiều phương tiện giao thông, chủ yếu là ô tô và xe máy. Đường phố được bao phủ bởi ánh đèn đường sáng rực rỡ, tạo nên khung cảnh lung linh và nhộn nhịp. Ở phía bên trái của bức ảnh, có một biển hiệu quảng cáo màu tím với dòng chữ ""WELCOME TO THE 31st SOUTH EAST ASIAN GAMES VIET NAM 2021"". Bên cạnh đó, còn có một biển hiệu khác nhỏ hơn ở góc dưới bên phải của bức ảnh, nhưng nội dung không rõ ràng."
https://admin.vov.gov.vn/UploadFolder/KhoTin/Files/UploadFolder/VOVVN/Files/cr_w800/uploaded/mgexs9y4vcjvgv8zrkawwa/2020_02_05/VOV_1_2__YNCK.JPG,Picture,"Bức ảnh chụp một con đường với nhiều phương tiện giao thông đang lưu thông. Ở trung tâm bức ảnh là một người đàn ông mặc áo xanh lá cây, đội mũ bảo hiểm màu trắng, đang lái xe máy. Xe máy này có mái che màu xanh dương và được chở đầy hàng hóa. Phía sau người đàn ông là một người đàn ông khác cũng đội mũ bảo hiểm màu trắng, đang lái xe máy. Hai người đàn ông đều đeo khẩu trang y tế. Ngoài ra, còn có một số người khác đang di chuyển trên đường, bao gồm cả xe máy và ô tô. Bức ảnh được chụp từ góc nhìn ngang, cho phép người xem nhìn thấy toàn bộ con đường và các phương tiện giao thông."
https://hnm.1cdn.vn/2023/12/28/nga-tu-5.jpg,Picture,"Bức ảnh chụp từ trên cao, cho thấy một khu vực giao thông đông đúc với nhiều phương tiện giao thông như ô tô, xe máy và xe đạp đang lưu thông. Phía trên là một cây cầu bắc qua một con sông, bên cạnh là các tòa nhà cao tầng. Ở góc dưới bên phải của bức ảnh có dòng chữ ""LAO ĐỘNG laodong.vn""."
https://nld.mediacdn.vn/291774122806476800/2023/7/12/ntd2890-1689135746669906683724.jpg,Picture,"Bức ảnh chụp một con đường đông đúc với nhiều phương tiện giao thông, chủ yếu là ô tô và xe máy. Phía bên phải của bức ảnh có một chiếc xe tải màu xanh lá cây đang di chuyển trên đường. Bên trái của bức ảnh là một hàng cây xanh rợp bóng mát. Trên đường có nhiều biển báo giao thông, trong đó có một biển báo màu xanh dương với dòng chữ ""LÀM RIÊNG BRT""."
https://photo.znews.vn/Uploaded/hgtmzz/2025_01_10/otolanlanxemay_14_znews.jpg,Picture,"Bức ảnh chụp một con đường đông đúc với nhiều phương tiện giao thông, chủ yếu là ô tô và xe máy. Ở phía trước là một chiếc xe buýt màu vàng có dòng chữ ""SBS"" được in trên thân xe. Phía sau xe buýt là một chiếc xe tải màu trắng có dòng chữ ""PIAGGIO"" được in trên thân xe. Bên cạnh xe buýt là một chiếc xe tải màu xanh dương có dòng chữ ""THUỐC BÁO"" được in trên thân xe. Phía bên trái của bức ảnh là một tòa nhà cao tầng với biển hiệu ""VẬN XE CHUYỂN NGHIỆP"" được in trên tường. Ngoài ra, còn có các biển hiệu quảng cáo khác như ""GIẢI THƯƠNG MẠI"", ""CHUYÊN CÔNG""."
https://image.anninhthudo.vn/h600/Uploaded/2025/wpjwcdhnw/2024_06_05/antd-mua-giong01-9127.jpg,Picture,"Bức ảnh chụp một con đường đông đúc với nhiều phương tiện giao thông, chủ yếu là xe máy và ô tô. Các phương tiện đang di chuyển trên đường, tạo ra những ánh sáng rực rỡ chiếu xuống mặt đường.  Có thể nhận thấy các phương tiện được bao phủ bởi áo mưa để bảo vệ người lái khỏi mưa. Ngoài ra, còn có những người tham gia giao thông mặc đồng phục màu sắc khác nhau như vàng, xanh lá cây, xanh dương..."
https://baoxaydung.com.vn/stores/news_dataimages/2023/062023/19/22/image00520230619225253.jpg?rt=20230619225340,Picture,"Bức ảnh chụp một con phố đông đúc với nhiều phương tiện giao thông, chủ yếu là xe máy. Phía bên trái bức ảnh là một cửa hàng có biển hiệu màu vàng với dòng chữ ""BÁN VÀ CHO THUÊ GIÁO"" và số điện thoại ""0984 71 8998"". Phía bên phải bức ảnh là một cửa hàng có biển hiệu màu xanh dương với dòng chữ ""SẮT MỸ THUẬT NGỌC ANH"". Ngoài ra, còn có các biển hiệu khác như ""NHÓM KINH SÁT IN"", ""CẮT TỐC NAM"", ""NGUYỄN ANH"", ""GIAO DẠO - GIAO ĐẢO...""."
https://image.anninhthudo.vn/h600/Uploaded/2025/wpjwcdhnw/2024_06_05/antd-mua-giong05-8246.jpg,Picture,"Bức ảnh chụp từ trên cao xuống một con đường đông đúc với nhiều phương tiện giao thông, chủ yếu là ô tô và xe máy.  Có thể nhận thấy các phương tiện đang di chuyển chậm rãi, có thể do thời tiết mưa.  Phía bên trái bức ảnh là hàng cây xanh mát, phía bên phải là những tòa nhà cao tầng.  Bên cạnh đó, có thể nhìn thấy một số biển hiệu quảng cáo được treo trên cột đèn ở hai bên đường."
https://ktmt.vnmediacdn.com/images/2022/09/18/53-1663478310-cau-long-bien1-1.jpg,Picture,"Bức ảnh chụp một con phố đông đúc với nhiều người đi xe máy. Phía bên trái là một tòa nhà màu vàng có biển hiệu ""BIÊN"" được viết bằng chữ đỏ. Phía trước tòa nhà là một hàng cây xanh rợp bóng mát. Ở giữa bức ảnh là một vạch kẻ đường giao nhau và một cột đèn tín hiệu giao thông. Có rất nhiều xe máy đang di chuyển trên đường, tạo nên một khung cảnh nhộn nhịp."
https://baogiaothong.mediacdn.vn/603483875699699712/2024/1/11/20231125101323-1704947532374777008772.jpg,Picture,"Hình ảnh cho thấy một chiếc xe tải màu đỏ đang di chuyển trên đường cao tốc. Xe tải có dòng chữ ""VIETNAM COOPERATION"" và ""CÔNG TY CP NHẤT VIỆT"" được in trên thân xe. Phía sau xe tải là một con đường rộng, hai bên đường có nhiều cây xanh và các tòa nhà cao tầng."
https://danviet.mediacdn.vn/296231569849192448/2022/10/26/10-16667553676141518341906-16667554106641560453345.jpeg,Picture,"Bức ảnh chụp một con phố với nhiều người đang ngồi uống nước và ăn uống. Phía bên trái bức ảnh là một cửa hàng có biển hiệu ghi ""EXCHANGE MONEY"". Bên cạnh cửa hàng là một bảng hiệu khác ghi ""CELLPHONE CHARGER"" và địa chỉ ""Add: 7 Bát Danh"". Phía trước cửa hàng là một chiếc bàn nhỏ, trên bàn có một số đồ vật như chai nước, ly thủy tinh, bánh kẹo... Ngoài ra, còn có một tấm biển quảng cáo màu đỏ ghi ""CÁC LOẠI THỜI TRANG"" được treo ở góc phải của bức ảnh."
https://www.baohanam.com.vn/DATA/IMAGES/2023/11/22/20231122094220-571.jpg,Picture,"Bức ảnh chụp từ trên cao, cho thấy một ngã tư đường đông đúc với nhiều phương tiện giao thông đang lưu thông. Phía bên trái của bức ảnh là một tòa nhà màu vàng với dòng chữ ""thegioi hotels"" được in nổi bật. Ở trung tâm bức ảnh là một chiếc xe ô tô màu xanh lá cây và một chiếc xe hơi màu trắng. Phía trước xe ô tô màu xanh lá cây là một nhóm người đang di chuyển bằng xe máy. Phía sau xe ô tô màu xanh lá cây là một chiếc xe tải màu đen. Phía bên phải của bức ảnh là một hàng cây xanh rợp bóng mát."
https://vcdn1-vnexpress.vnecdn.net/2014/09/03/NXP-0324-1409706597.jpg?w=460&h=0&q=100&dpr=2&fit=crop&s=5DJKtai3EDu6fHbYOGctSw,Picture,"Hình ảnh cho thấy một con đường đông đúc với nhiều phương tiện giao thông, chủ yếu là xe máy và ô tô. Có rất nhiều người đang di chuyển trên đường, họ đều đội mũ bảo hiểm. Hai bên đường có nhiều cây xanh và các tòa nhà cao tầng."
https://media.vietnamplus.vn/images/7255a701687d11cb8c6bbc58a6c80785971fb967f34cef14fc9fae34357dd6781b82b9875d57d400e7a3cf45250910d7cdb57feb901aea868e56e8a402356a73/tac_duong_3.jpeg,Picture,"Bức ảnh chụp một con phố với nhiều người đi bộ và xe máy. Phía bên trái là một chiếc xe hơi màu trắng, biển số xe là E-092.43. Bên phải là một người đàn ông mặc áo sơ mi trắng, quần tây đen, đang đi bộ trên vỉa hè. Trên vỉa hè có hai người phụ nữ, một người mặc áo đỏ, một người mặc áo xanh dương. Hai người phụ nữ này đều đeo khẩu trang y tế. Ngoài ra, còn có một người đàn ông mặc áo sơ mi trắng, quần tây đen, đang đi bộ trên vỉa hè. Người đàn ông này cũng đeo khẩu trang y tế. Bức ảnh được chụp vào một ngày nắng đẹp, bầu trời trong xanh."
https://kenh14cdn.com/203336854389633024/2023/8/4/photo-6-16911564439211604865120.jpg,Picture,"Bức ảnh chụp từ trên cao xuống một con đường đông đúc với nhiều phương tiện giao thông, chủ yếu là ô tô và xe máy. Đường phố được bao quanh bởi những cây xanh và các tòa nhà cao tầng.  Có thể nhận thấy đây là một khu vực đô thị ở Việt Nam."
https://www.baohanam.com.vn/DATA/IMAGES/2023/11/22/20231122094220-571.jpg,Picture,"Bức ảnh chụp từ trên cao, cho thấy một ngã tư đường đông đúc với nhiều phương tiện giao thông đang lưu thông. Phía bên trái của bức ảnh là một tòa nhà màu vàng với dòng chữ ""thegioi hotels"" được in nổi bật. Ở trung tâm bức ảnh là một chiếc xe ô tô màu xanh lá cây và một chiếc xe hơi màu trắng. Phía trước xe ô tô màu xanh lá cây là một nhóm người đang di chuyển bằng xe máy. Phía sau xe ô tô màu xanh lá cây là một chiếc xe tải màu đen. Phía bên phải của bức ảnh là một hàng cây xanh rợp bóng mát."
