original_url,caption
https://kenh14cdn.com/203336854389633024/2023/8/4/photo-8-16911564478401382543225.jpg,"Bức ảnh chụp từ trên cao xuống một con đường đông đúc với nhiều phương tiện giao thông, chủ yếu là ô tô và xe máy. Đường được bao quanh bởi những cây xanh và các tòa nhà cao tầng. Bầu trời có vẻ đang mưa, ánh sáng đèn đường chiếu sáng rực rỡ.  Có thể nhận thấy một số biển báo giao thông như ""Cấm đậu xe"" và ""Xe máy đi ngược chiều""."
https://nguoiduatin.mediacdn.vn/media/nguyen-huu-thang/2020/12/24/ndt.jpg,"Bức ảnh chụp từ trên cao, cho thấy một khu vực đông đúc với nhiều phương tiện giao thông đang lưu thông. Ở trung tâm bức ảnh là một tòa nhà lớn với biển hiệu ""BRIDGESTONE"" được viết bằng chữ in hoa màu đỏ nổi bật trên nền trắng. Phía trước tòa nhà này là một con đường hẹp với nhiều xe máy và ô tô đang lưu thông. Hai bên đường có nhiều cây xanh và các tòa nhà thấp tầng. Bức ảnh thể hiện một cảnh tượng nhộn nhịp của thành phố Việt Nam."
https://i.ytimg.com/vi/jTogybuJ6GE/hq720.jpg?sqp=-oaymwEhCK4FEIIDSFryq4qpAxMIARUAAAAAGAElAADIQj0AgKJD&rs=AOn4CLBhXcm0peXYAGtgnXdEWtvhkTgjIw,"Bức ảnh chụp cảnh đường phố với một chiếc xe buýt màu xanh dương đang chạy trên đường. Phía trước là một người phụ nữ mặc áo thun đen, đội mũ bảo hiểm, đang lái xe máy. Phía sau là hai người đàn ông và một người phụ nữ khác cũng đang lái xe máy. Ở góc trên bên trái của bức ảnh có dòng chữ ""Khám phá Cung Đường Ven Bờ Sông Tô Lịch"" được viết bằng font chữ màu vàng đậm. Bên dưới là dòng chữ ""Thay Đổi Rất Nhiều Diện Mạo Mới Giao Thông Hà Nội Ngày Nay"" được viết bằng font chữ màu xanh lá cây đậm."
https://danviet.mediacdn.vn/296231569849192448/2022/10/26/9-16667553676062131381334-16667554106262053687497.jpeg,"Bức ảnh chụp một con phố ở Việt Nam. Ở giữa bức ảnh là một tòa nhà cao tầng với biển hiệu ""LAIKA Cafe"". Phía trước tòa nhà là một con đường hẹp, hai bên đường có nhiều cửa hàng và xe máy. Bên phải bức ảnh là một người phụ nữ mặc áo khoác màu xanh dương đang đi bộ trên vỉa hè. Trên vỉa hè có một chiếc xe máy màu trắng. Bức ảnh được chụp vào một ngày nắng đẹp, bầu trời trong xanh."
https://admin.vov.gov.vn/UploadFolder/KhoTin/Images/UploadFolder/VOVVN/Images/cr_w800/uploaded/mgexs9y4vcjvgv8zrkawwa/2020_02_05/VOV_1_10__FBKI.jpg,"Bức ảnh chụp một góc đường phố đông đúc với nhiều phương tiện giao thông đang lưu thông. Phía trên cùng của bức ảnh là một tấm biển quảng cáo màu xanh lá cây có chữ ""VOV"" được in nổi bật. Bức ảnh được chụp từ góc nhìn ngang, cho phép người xem nhìn thấy toàn bộ khung cảnh đường phố. Ở phía bên phải của bức ảnh, có một cột đèn tín hiệu giao thông và một số xe máy đang di chuyển trên đường. Ngoài ra, còn có những tòa nhà cao tầng ở phía xa, tạo nên một khung cảnh đô thị hiện đại."
https://taplai.com/img/baiviet/kinh-nghiem-lai-xe-trong-thanh-pho-gio-cao-diem-2.jpg,"Bức ảnh chụp từ trên cao xuống một con đường đông đúc với nhiều phương tiện giao thông, chủ yếu là xe máy và ô tô. Ở phía bên trái của bức ảnh, có một biển báo màu xanh dương với dòng chữ ""HÀ NỘI - BÌNH PHƯỚC 7.5 Km"" và mũi tên chỉ hướng đi. Phía bên phải của bức ảnh, có một biển báo màu xanh dương khác với dòng chữ ""CHỢ HÀN LUẬT LÊ GIAO THÔNG LÀ BẢO VỆ MINH VÀ MỌI NGƯỜI"". Dưới cùng của bức ảnh, có dòng chữ ""www.facebook.com/hoclaixeotob2hcm | https://taplai.com""."
https://ttol.vietnamnetjsc.vn/images/2021/08/31/19/36/covid-19-tp-hcm-001.jpg,"Bức ảnh chụp cảnh một cảnh sát giao thông đang kiểm tra giấy tờ của một người đàn ông lái xe máy. Người đàn ông mặc áo xanh lá cây, đội mũ bảo hiểm màu xanh lá cây và đeo khẩu trang y tế màu xanh dương. Anh ta đang cầm điện thoại di động trong tay trái và đưa cho cảnh sát giao thông. Cảnh sát giao thông mặc đồng phục màu nâu nhạt, đội mũ bảo hiểm màu vàng có in chữ ""CSGT"". Phía sau cảnh sát giao thông là một tòa nhà cao tầng. Bức ảnh được chụp từ góc nghiêng, tập trung vào cảnh sát giao thông và người đàn ông lái xe máy."
https://photo.znews.vn/w660/Uploaded/kbfhuo3/2021_08_31/AJ8I2048_zing.jpg,"Bức ảnh chụp một con đường ở Việt Nam. Đường phố đông đúc với nhiều phương tiện giao thông, chủ yếu là ô tô và xe máy. Hai bên đường là các tòa nhà cao tầng, có nhiều biển hiệu quảng cáo bằng tiếng Việt. Có thể nhận diện được một số biển hiệu như: ""Cá Biển Mới Giờ"", ""Nhà Thuốc Giá Tốt"", ""Minh Chánh""."
https://cdnphoto.dantri.com.vn/lD1GLVJA8uWRbqDcoVeXBpbpZfw=/thumb_w/1920/2025/01/09/tac-duong-hanoi8-1736402775216.jpg,"Bức ảnh chụp từ trên cao xuống một con đường đông đúc với nhiều phương tiện giao thông, chủ yếu là xe máy và ô tô. Phía bên trái của bức ảnh là một cây cầu bê tông dựng đứng, phía trên có biển quảng cáo màu vàng cam. Phía bên phải của bức ảnh là những hàng cây xanh mướt, được trang trí bằng các cờ đỏ sao vàng. Ở giữa bức ảnh là một chiếc xe buýt màu xanh dương đang chạy trên đường. Bên dưới cùng của bức ảnh là dòng chữ ""Dân Trí"" được in đậm."
https://icdn.24h.com.vn/upload/1-2022/images/2022-03-02/Ngo-ngang-duong-pho-Ha-Noi-vang-ve-nguoi-xe-ngay-gio-cao-diem-1-1646192586-918-width2560height1440.jpg,"Bức ảnh chụp một con đường ở thành phố với nhiều tòa nhà cao tầng. Phía bên trái của bức ảnh là một tòa nhà có biển hiệu màu đỏ ghi chữ ""Công ty Cổ phần Đầu tư và Phát triển Thành phố Hồ Chí Minh"". Phía bên phải của bức ảnh là một tòa nhà cao tầng khác cũng có biển hiệu màu đỏ ghi chữ ""Công ty Cổ phần Đầu tư và Phát triển Thành phố Hồ Chí Minh"". Ở giữa bức ảnh là một con đường rộng, hai bên đường có nhiều cây xanh và vỉa hè lát gạch đỏ. Trên đường có một số xe máy đang lưu thông. Bức ảnh được chụp từ góc nhìn ngang, cho phép người xem nhìn thấy toàn bộ con đường và các tòa nhà xung quanh."
https://tapchigiaothong.qltns.mediacdn.vn/tapchigiaothong.vn/files/thu.ha/2018/05/15/1-1645.jpg,"Bức ảnh chụp từ trên cao, cho thấy một con phố đông đúc với nhiều phương tiện giao thông. Ở giữa bức ảnh là một hàng xe ô tô và xe máy đang xếp hàng dọc theo vỉa hè. Phía bên phải của bức ảnh là hai chiếc xe buýt màu đỏ và xanh lá cây đứng cạnh nhau. Trên các xe buýt này có thể nhận dạng được dòng chữ ""BUS"" ở phía trước mỗi chiếc xe."
https://bcp.cdnchinhphu.vn/334894974524682240/2024/7/16/edit-long-thanh-17211463870331246147133.png,"Bức ảnh chụp từ trên cao, cho thấy một con đường cao tốc với nhiều xe cộ đang lưu thông. Phía bên phải của bức ảnh là một biển quảng cáo lớn với dòng chữ ""QUÁT ĐIỆN CAO CẤP 25 SENKO"" được in màu vàng nổi bật trên nền xanh dương. Dưới dòng chữ này là dòng chữ nhỏ hơn ""Làm Hát Chơi Với Sống"". Ngoài ra, còn có các biển quảng cáo khác như ""DUHAL"", ""DUTY"", ""SINCE 1978"", ""CÔNG TY TNHH MTV VẬT TƯƠNG VIỆT NAM""."
https://images2.thanhnien.vn/528068263637045248/2023/11/12/base64-1699763797481670128546.jpeg,"Bức ảnh chụp từ trên cao, góc nghiêng, cho thấy một ngã tư đường đông đúc với nhiều phương tiện giao thông đang lưu thông. Ở trung tâm của bức ảnh là một vòng xoay hình tròn được bao quanh bởi những hàng cây xanh mát. Xung quanh vòng xoay là các tòa nhà cao tầng, tạo nên khung cảnh đô thị nhộn nhịp. Phía trên cùng bên phải của bức ảnh có dòng chữ ""THANH NIÊN""."
https://image.bnews.vn/MediaUpload/Org/2022/08/01/100227-ha-noi-tac-duong-gio-cao-diem-tai-nut-giao-thong-nga-tu-so-nguyen-trai-trong-ngay-dau-thang-8.jpg,"Bức ảnh chụp từ trên cao xuống một con đường đông đúc với nhiều phương tiện giao thông, chủ yếu là ô tô và xe máy.  Phía bên trái của bức ảnh là hàng cây xanh mướt, phía bên phải là những tòa nhà cao tầng.  Trên đường có rất nhiều xe cộ đang lưu thông, chủ yếu là các loại xe khác nhau như ô tô, xe máy, taxi.  Có thể nhận thấy rằng đây là một khu vực đô thị ở Việt Nam.  Bức ảnh được chụp vào một ngày nắng đẹp, bầu trời trong xanh."
https://cdn.tuoitre.vn/thumb_w/480/471584752817336320/2025/1/11/base64-17365565686501524660844.jpeg,"Bức ảnh chụp một con đường đông đúc với nhiều phương tiện giao thông, chủ yếu là xe máy và ô tô. Ở trung tâm bức ảnh là một chiếc xe buýt màu xanh dương có dòng chữ ""Xe buýt Hà Nội"" được in trên thân xe. Phía trước xe buýt là một người đàn ông mặc áo xanh lá cây đang đi bộ. Bên cạnh xe buýt là một chiếc xe hơi màu trắng. Phía sau xe buýt là một chiếc xe tải màu bạc. Bức ảnh được chụp từ góc nhìn cao, cho phép người xem nhìn thấy toàn bộ con đường và các phương tiện giao thông."
https://phapluatxahoi.kinhtedothi.vn/stores/news_dataimages/khanhhuy/082021/16/18/4009_plxh_duongphodongduc-4.jpg?rt=20210816184333,"Bức ảnh chụp từ trên cao xuống một con đường ở Việt Nam. Đường phố đông đúc với nhiều phương tiện giao thông đang lưu thông, chủ yếu là xe máy và ô tô. Ở phía bên phải của bức ảnh, có một biển báo màu xanh lá cây với dòng chữ ""Xe tải bốc hơi"" được viết bằng tiếng Việt. Phía dưới góc phải của bức ảnh, có dòng chữ ""Pháp luật Xã hội"" được viết bằng tiếng Việt."
https://cdn.daibieunhandan.vn/images/b9dccf2610944215cc16af20b31f484109c91e2bd3b7c5e87723b10183dfd2b7de9774de0ba3aadfd739e24df8b05c977b3c00d47fff332d65d033dfc5828eaf9eed57ccca4304f9a63d173708c29d465a84ccedfe722b71135366c523369ebf/z4110319565326_a0dde2b6ef31d9dde-1676425694766.jpg,"Bức ảnh chụp một con đường với hai chiếc xe buýt đang đậu bên lề đường. Chiếc xe buýt phía trước có biển số 29B - 605.12, biển số xe hơi là 29B-610.05. Chiếc xe buýt phía sau có biển số 29B - 605.12. Hai chiếc xe buýt đều có màu đỏ và trắng. Phía sau hai chiếc xe buýt là một tòa nhà cao tầng. Trên vỉa hè có một người đàn ông mặc áo khoác đen đang lái xe máy."
https://image.plo.vn/w1000/Uploaded/2024/fcivpwib/2024_12_05/trung-tam-tp-nha-trang-1267.jpg.webp,"Bức ảnh chụp một con đường đông đúc với nhiều xe cộ lưu thông. Ở phía bên phải của bức ảnh, có một biển quảng cáo lớn với dòng chữ ""Ngụm dầu, Heineken"" được in màu xanh lá cây trên nền trắng. Bên cạnh đó là logo Heineken và dòng chữ ""Heineken"" cũng được in màu xanh lá cây trên nền trắng. Phía trước biển quảng cáo là một hàng xe ô tô đang di chuyển, trong đó có một chiếc xe hơi màu xanh dương và một chiếc xe buýt màu trắng. Ngoài ra, còn có một số người đi bộ trên đường. Bức ảnh được chụp từ góc nhìn ngang, cho phép người xem nhìn thấy toàn bộ con đường và các phương tiện giao thông."
https://cdnmedia.baotintuc.vn/Upload/CCcQv1fjdlI5Hob1jh0mA/files/2019/03/11/IMG_0873.jpg,"Bức ảnh chụp từ trên cao xuống một con đường đông đúc với nhiều phương tiện giao thông, chủ yếu là xe máy và ô tô. Phía trước là một chiếc xe buýt màu xanh lá cây có biển số 296-033.01. Bên phải bức ảnh là một người phụ nữ mặc áo đỏ đang đứng cạnh một bảng hiệu quảng cáo bằng tiếng Việt. Bức ảnh được chụp vào một ngày nắng đẹp, bầu trời trong xanh."
https://media-cdn-v2.laodong.vn/storage/newsportal/2024/12/6/1431433/1N-01.jpg?w=800&h=496&crop=auto&scale=both,"Bức ảnh chụp một con hẻm nhỏ hẹp, bên trái là một tấm biển màu xanh dương ghi dòng chữ ""Ngõ 12C THƯỢNG ĐINH"" và bên phải là một tấm biển màu đỏ ghi dòng chữ ""Lê"". Phía trên cùng của bức ảnh là một bảng hiệu màu trắng ghi dòng chữ ""TÂM QUẬT NHẤT TÍN"". Bức ảnh được chụp từ góc nghiêng, cho thấy một người đàn ông đội mũ bảo hiểm đang lái xe máy. Xe máy có màu xanh dương với mái che màu xanh da trời. Bên cạnh xe máy là một chiếc xe máy khác màu đen. Con hẻm được lát gạch đá, hai bên đường có nhiều cây xanh."
https://image.anninhthudo.vn/h600/Uploaded/2025/wpjwcdhnw/2024_06_05/antd-mua-giong04-1838.jpg,"Bức ảnh chụp một con đường đông đúc với nhiều phương tiện giao thông, chủ yếu là ô tô và xe máy. Ở phía trên cùng của bức ảnh, có thể nhìn thấy một cây cầu bắc ngang qua đường. Phía bên phải của bức ảnh, có một bảng hiệu quảng cáo với dòng chữ ""KIM NGAN"" và số điện thoại ""0977 44 55 88"". Bên cạnh đó, còn có các biển báo giao thông với nội dung như: ""Đường Láng"", ""Một Giao Cầu Giấy"", ""Sân Miếu Quốc Tế"", ""Cái Nhật Tân"", ""2.3km"", ""5km"", ""1.3km"", ""4.3km"". Bức ảnh được chụp từ góc thấp, cho phép người xem nhìn thấy toàn bộ con đường và các phương tiện giao thông đang lưu thông."
https://laodongthudo.vn/stores/news_dataimages/2024/052024/16/20/ha-noi-5-to-cong-tac-dac-biet-xu-ly-manh-tay-nhieu-truong-hop-vi-pham-giao-thong-gio-cao-diem-20240516202643.jpg?rt=20240516202722,"Bức ảnh chụp một cảnh đường phố với nhiều người đi xe máy. Ở trung tâm bức ảnh là một cảnh sát giao thông đang kiểm tra giấy tờ của một người đàn ông lái xe máy. Cảnh sát giao thông mặc đồng phục màu vàng nhạt, đội mũ và đeo khẩu trang y tế. Người đàn ông lái xe máy mặc áo đen, đội mũ lưỡi trai và đeo khẩu trang y tế. Phía sau cảnh sát giao thông là một chiếc xe buýt màu trắng có dòng chữ ""Newcom"" được in trên thân xe. Ngoài ra, còn có các biển báo giao thông như ""Lấy mẫu"", ""Phòng khám"", ""Bác sĩ"". Bức ảnh được chụp từ góc nghiêng, cho phép người xem nhìn thấy toàn bộ cảnh sát giao thông và người đàn ông lái xe máy."
https://ttol.vietnamnetjsc.vn/images/2021/08/31/19/36/covid-19-tp-hcm-013.jpg,"Bức ảnh chụp từ trên cao xuống một con đường ở Việt Nam. Đường phố đông đúc với nhiều phương tiện giao thông, chủ yếu là xe máy và ô tô. Hai bên đường là những hàng cây xanh mát. Trên vỉa hè, có một số người đang đi bộ hoặc lái xe máy. Ở góc dưới bên trái của bức ảnh, có thể nhìn thấy một chiếc xe taxi màu xanh lá cây. Bức ảnh được chụp vào một ngày nắng đẹp, bầu trời trong xanh."
https://nld.mediacdn.vn/291774122806476800/2023/7/12/ntd2944-168913574475562081110.jpg,"Bức ảnh chụp cảnh đường phố đông đúc với nhiều phương tiện giao thông, chủ yếu là xe máy và ô tô. Phía trước là một người đàn ông đang lái xe máy, phía sau là hàng rào cây xanh được cắt tỉa cẩn thận. Ở bên phải của bức ảnh là một tòa nhà cao tầng, có thể là một trung tâm thương mại hoặc khu vực công cộng. Trên tường tòa nhà có treo một tấm biển quảng cáo màu đỏ với dòng chữ ""Hồ Chí Minh"" được viết bằng tiếng Việt."
https://vcdn1-ngoisao.vnecdn.net/2025/01/14/Duong-pho-Ha-Noi-tac-duong-4-1736838117.jpg?w=460&h=0&q=100&dpr=1&fit=crop&s=YVWdarXgdd8H-jI_QekImA,"Bức ảnh chụp từ trên cao xuống một con đường đông đúc với nhiều phương tiện giao thông, chủ yếu là xe máy và ô tô. Ở phía bên trái của bức ảnh, có một bảng quảng cáo lớn với dòng chữ ""CHĂM SÓC ĐẦU TƯ THẾ GIỚI"" và hình ảnh một người đàn ông mặc áo sơ mi trắng. Phía bên phải của bức ảnh, có một bảng quảng cáo lớn với dòng chữ ""SẢN PHẨM CÔNG NGHIỆP BÌNH PHƯƠNG"". Dưới cùng của bức ảnh, có logo ""NGOISAO""."
https://xehay.vn/uploads/images/2019/3/xehay-ANTD-Giaothong-hanoi-180319-15.jpg,"Bức ảnh chụp từ trên cao, cho thấy một ngã ba đường với nhiều xe ô tô và xe máy đang lưu thông. Ngã ba đường này nằm ở thành phố Hà Nội, Việt Nam. Có rất nhiều xe ô tô và xe máy đang lưu thông, tạo nên một cảnh tượng nhộn nhịp và đông đúc."
https://baogiaothong.mediacdn.vn/603483875699699712/2024/11/6/da-nang-17308595224701366253948.jpg,"Bức ảnh chụp một con đường ở Việt Nam. Đường phố đông đúc với nhiều phương tiện giao thông, chủ yếu là xe máy và ô tô. Hai bên đường là những hàng cây xanh mát, tạo bóng mát cho người đi đường. Trên đường có nhiều biển báo giao thông, bao gồm biển báo cấm đậu xe, biển báo giới hạn tốc độ 10km/h, biển báo chỉ dẫn hướng đi. Ngoài ra, còn có các biển quảng cáo của các cửa hàng kinh doanh khác nhau. Bức ảnh được chụp từ góc nhìn ngang, giúp người xem có thể nhìn thấy toàn bộ con đường và cảnh quan xung quanh."
https://danviet.mediacdn.vn/296231569849192448/2022/10/26/4-16667553673871522092331-1666755410414775186647.jpeg,"Bức ảnh chụp một con phố ở Việt Nam. Ở phía trước là một người phụ nữ đội nón lá đang đạp xe, bên cạnh là một chiếc xe máy màu đen. Phía sau người phụ nữ là một cửa hàng có biển hiệu ""Anh Như"" với dòng chữ ""Bán áo lẻ - Bán buôn - Bán lẻ"". Cửa hàng được sơn màu vàng nhạt và có mái che bằng tôn. Bên cạnh cửa hàng là một tòa nhà cao tầng với nhiều cửa sổ và ban công. Trên tường của tòa nhà có treo những bức tranh trang trí. Phía dưới cùng của bức ảnh là một con đường nhỏ với vỉa hè và cây xanh."
https://cafefcdn.com/203337114487263232/2024/8/20/205818-un-tac-giao-thong-20220614143949-1724137886423-1724137886626587181148.jpg,"Bức ảnh chụp từ trên cao xuống một con phố đông đúc với nhiều phương tiện giao thông, chủ yếu là ô tô và xe máy. Phía bên phải của bức ảnh có một bảng hiệu màu đỏ với dòng chữ ""KHU VUI CHO TRẺ EM"" được viết bằng tiếng Việt. Bên cạnh bảng hiệu là một biển báo cấm đi ngược chiều màu đỏ. Bức ảnh cho thấy cảnh tượng nhộn nhịp của một thành phố ở Việt Nam vào mùa mưa."
https://icar.vn/wp-content/uploads/2022/12/icar.vn-tai-cung-chi-cach-lai-xe-gio-cao-diem-trong-thanh-pho-tai-cung-chi-cach-lai-xe-gio-cao-diem-trong-thanh-pho-5.png,"Bức ảnh chụp một cảnh đường phố với nhiều xe máy đang lưu thông. Ở trung tâm bức ảnh là một chiếc xe tải màu trắng có biển số 51C-896.12, được gắn nhãn hiệu THACO và FRONTIER. Phía trước xe tải là một người đàn ông mặc áo khoác xanh da trời, đội mũ bảo hiểm màu đen, đang lái xe máy. Bên phải xe tải là một người phụ nữ mặc áo khoác xanh da trời, đội mũ bảo hiểm màu trắng, đang lái xe máy. Phía sau xe tải là một người đàn ông mặc áo khoác xanh da trời, đội mũ bảo hiểm màu trắng, đang lái xe máy. Ngoài ra, còn có một số người khác đang di chuyển trên đường, bao gồm cả những người ngồi trên xe máy. Bức ảnh được chụp từ góc nhìn ngang, cho phép người xem nhìn thấy toàn bộ cảnh quan bên ngoài."
https://cdn-i.vtcnews.vn/resize/th/upload/2021/10/15/xe-bus-tro-lai-16-09552882.jpg,"Bức ảnh chụp từ trên cao xuống, cho thấy một con đường dài với nhiều phương tiện giao thông đang lưu thông. Ở góc trên bên trái của bức ảnh có logo ""VTC NEWS"" và dòng chữ ""Hơi thở cuộc sống"". Phía trước là một hàng xe ô tô lớn, trong đó có cả xe hơi và xe tải. Bên phải là một hàng cây xanh rậm rạp. Bức ảnh được chụp vào một ngày mưa, vì có thể nhìn thấy những tia nắng lấp lánh qua các vũng nước."
https://staticgthn.kinhtedothi.vn/zoom/868/uploaded/phamcong/2022_10_26/z3827323732685df6d2e238d51bda19daa6259b77067b7_pytp.jpg,"Bức ảnh chụp một con đường với nhiều phương tiện giao thông, chủ yếu là xe máy và ô tô. Phía bên trái bức ảnh là một chiếc xe tải màu trắng đang đỗ trên vỉa hè, phía sau xe tải là một cây xanh lớn. Phía bên phải bức ảnh là một tòa nhà cao tầng với biển hiệu ""HOTEL"" được viết bằng tiếng Anh. Trên vỉa hè có rất nhiều người đang đi bộ hoặc lái xe máy. Bầu trời trong bức ảnh có màu xanh nhạt, tạo cảm giác ấm áp và thoáng đãng."
https://images.kienthuc.net.vn/zoom/800/uploaded/vuson/2020_04_09/mua-vang-xoi-xa-duong-pho-sai-gon-thong-thoang-du-gio-cao-diem-hinh-2.jpg,"Bức ảnh chụp một con đường đông đúc với nhiều phương tiện giao thông, chủ yếu là xe máy và ô tô. Phía trước là một nhóm người đang di chuyển trên đường, trong đó có hai người mặc áo mưa màu xanh lá cây và một người mặc áo khoác màu đen. Hai người này đang di chuyển theo hướng về phía bên phải của bức ảnh. Phía sau họ là một nhóm người khác đang di chuyển trên đường, trong đó có một người mặc áo mưa màu trắng và một người mặc áo khoác màu đen. Trên đường có rất nhiều sương mù, tạo nên một khung cảnh ẩm ướt và u ám. Bức ảnh được chụp từ góc nhìn ngang, cho phép người xem nhìn thấy toàn bộ con đường và các phương tiện tham gia giao thông. Ngoài ra, bức ảnh còn cho thấy những tòa nhà cao tầng ở hai bên đường, cùng với những biển hiệu quảng cáo bằng tiếng Việt."
https://hnm.1cdn.vn/2024/10/23/462543710_1069736181609735_2903801589317678601_n.jpg,"Bức ảnh chụp từ trên cao, cho thấy một giao lộ đông đúc với nhiều phương tiện giao thông đang lưu thông. Ở trung tâm bức ảnh là một nhóm xe ô tô và xe máy đang xếp hàng dọc theo vỉa hè. Bên cạnh đó là một chiếc xe buýt màu xanh lá cây và một chiếc xe buýt màu xanh dương. Ngoài ra, còn có một số xe ô tô khác đang di chuyển trên đường. Bức ảnh được chụp vào một ngày nắng đẹp, ánh sáng mặt trời chiếu rọi xuống các phương tiện giao thông, tạo nên một khung cảnh nhộn nhịp và tấp nập."
https://bna.1cdn.vn/2024/09/30/img_1388(1).jpeg,"Bức ảnh chụp một con đường với nhiều xe ô tô đang di chuyển. Phía bên phải của bức ảnh là một chiếc xe tải màu xanh dương, có dòng chữ ""37C 30.91 Deli"" được in trên thân xe. Trên đầu xe tải có dòng chữ ""Phòng cung cấp hàng hóa và dịch vụ liên quan đến sản phẩm điện tử"". Bức ảnh được chụp vào một ngày nắng đẹp, bầu trời trong xanh."
https://photo.znews.vn/w660/Uploaded/kbfhuo3/2021_08_31/538A0347_zing.jpg,"Bức ảnh chụp một con đường ở Việt Nam. Đường phố đông đúc với nhiều phương tiện giao thông, chủ yếu là xe máy và ô tô. Hai bên đường là những hàng cây xanh mát. Ở góc phải của bức ảnh, có một bảng hiệu màu xanh dương với dòng chữ ""Phía trướcAhead 50m công trường work""."
https://suckhoedoisong.qltns.mediacdn.vn/324455921873985536/2024/5/17/csgt-6-1715909734043238449427.jpg,"Bức ảnh chụp một con phố ở Việt Nam với nhiều người đi xe máy. Ở phía trước là một cảnh sát giao thông mặc đồng phục màu vàng đang điều khiển đèn tín hiệu giao thông. Bên cạnh cảnh sát giao thông là một chiếc xe hơi màu trắng và một chiếc xe máy màu đỏ. Phía sau cảnh sát giao thông là một bảng hiệu quảng cáo của một cửa hàng có tên ""THANH HUYỀN QUẠT ĐIỆN 4 LÙA"". Trên bảng hiệu có dòng chữ ""CHUYÊN CUNG CẤP QUẠT ĐIỆN CÁC CÔNG TRÌNH UY TÍN, CHẤT LƯỢNG, BẢO HÀNH DẪN"" và số điện thoại ""ĐT: 083 543 9999 - 036 655 5888"". Ngoài ra, trên bảng hiệu còn có dòng chữ ""ĐC: 54 NGUYỄN LƯƠNG BẰNG"" và số điện thoại ""ĐT: 098 18""."
https://cdn-i.doisongphapluat.com.vn/resize/th/upload/2024/05/03/ha-noi-un-tac-keo-dai-dan-van-phong-chat-vat-dung-gio-cao-diem10-11051169.jpg,"Bức ảnh chụp từ trên cao xuống một con đường đông đúc với nhiều phương tiện giao thông, chủ yếu là xe máy và ô tô. Phía bên phải của bức ảnh là một tòa nhà cao tầng với biển hiệu ""TOMA"" được viết bằng tiếng Anh. Trên tường của tòa nhà có dòng chữ ""LAO ĐỘNG laodong.vn"". Ở góc dưới bên phải của bức ảnh có dòng chữ ""P342"" được viết bằng tiếng Việt."
https://img.lsvn.vn/resize/th/upload/2024/11/19/base64-17319040071481841321966-15180797.jpeg,"Bức ảnh chụp một con hẻm nhỏ với một biển báo giao thông màu xanh dương ở phía trước. Biển báo có dòng chữ ""NGÕ 12E THƯỢNG ĐINH"" được viết bằng chữ in hoa màu trắng trên nền xanh dương. Bên cạnh biển báo là một cột trụ sơn màu đỏ và trắng, bên dưới là một hàng rào chắn bằng dây thừng trắng đỏ. Phía sau biển báo là một cửa hàng có bảng hiệu màu đỏ với dòng chữ ""LED NHẤT TIN"" được viết bằng chữ in hoa màu trắng trên nền đỏ. Trên tường của cửa hàng có một bảng quảng cáo hình chữ nhật màu vàng với dòng chữ ""CÔNG TY TNHH CÔNG NGHIỆP VÀ TRUYỀN THÔNG NHẤT TIN"" được viết bằng chữ in hoa màu đen trên nền trắng."
https://congluan-cdn.congluan.vn/files/content/2023/01/30/giao-thong_4-10381111.jpg,"Bức ảnh chụp từ trên cao xuống một con đường đông đúc với nhiều phương tiện giao thông, chủ yếu là ô tô và xe máy. Phía bên trái của bức ảnh là một dãy nhà cao tầng, trong đó có một tòa nhà cao tầng màu trắng với dòng chữ ""TRẦN GIÁO"" được in trên tường. Phía bên phải của bức ảnh là một dãy nhà cao tầng, trong đó có một tòa nhà cao tầng màu đỏ với dòng chữ ""BỘ BAN TÂM BÌNH"" được in trên tường. Ở giữa bức ảnh là một chiếc xe buýt màu xanh lá cây đang chạy trên đường. Bên dưới cùng của bức ảnh là dòng chữ ""CÔNG LUẬN""."
https://file.baothuathienhue.vn/data/0/images/2023/03/06/upload_3835/z4160300186235-a27fda6abb42c0c989500f4f7b860f5d.jpg?dpi=150&quality=100&w=1920,"Bức ảnh chụp cảnh đường phố với nhiều phương tiện giao thông đang lưu thông. Ở trung tâm bức ảnh là một cảnh sát giao thông đang điều khiển đèn tín hiệu giao thông. Bên cạnh cảnh sát giao thông là một người đàn ông đang lái xe máy. Phía trước cảnh sát giao thông là một chiếc xe ô tô màu đen và một chiếc xe ô tô màu xám. Phía sau cảnh sát giao thông là một tòa nhà cao tầng với biển hiệu ""TPBank"" được treo trên tường. Trên nóc tòa nhà có một bảng quảng cáo lớn với dòng chữ ""2.000.000"". Ngoài ra, còn có các biển hiệu khác như ""Vòng Cánh"", ""Thế giới"", ""TPBank"", ""TPBank"", ""Cơ quan hành chính...""."
https://kenh14cdn.com/203336854389633024/2021/1/12/8-16104645380091180499070.jpg,"Bức ảnh chụp từ trên cao, cho thấy một thành phố đông đúc với nhiều tòa nhà cao tầng. Ở trung tâm bức ảnh là một con đường lớn với nhiều ô tô và xe máy đang lưu thông. Hai bên đường có nhiều cây xanh và các tòa nhà thấp tầng. Bức ảnh được chụp vào một ngày nắng đẹp, bầu trời trong xanh."
https://cdn.vietnam.vn/wp-content/uploads/2024/10/Khong-dam-ve-nha-gio-cao-diem-vi-qua-ngan.jpg,"Bức ảnh chụp từ trên cao xuống một con đường đông đúc với nhiều phương tiện giao thông, chủ yếu là ô tô và xe máy. Ở giữa bức ảnh là một chiếc xe buýt màu trắng có dòng chữ ""P234"" được in trên thân xe. Phía trước xe buýt là một người đàn ông mặc áo xanh da trời đang lái xe. Bên phải xe buýt là một nhóm người đang ngồi trên xe máy. Phía sau xe buýt là một hàng cây xanh mát. Bức ảnh cho thấy cảnh tượng nhộn nhịp của thành phố với nhiều phương tiện tham gia giao thông."
https://icdn.24h.com.vn/upload/4-2024/images/2024-11-19//1731986965-w-1-thuong-dinh-4149--width1920height1280.jpg,"Bức ảnh chụp một con đường với vỉa hè lát gạch. Ở phía bên trái là một cột trụ sơn trắng đỏ, trên đó có biển báo màu xanh dương ghi dòng chữ ""NGÕ 127 ĐƯỜNG NGUYỄN TRÃI"". Phía trước cột trụ là một người đàn ông đang lái xe máy. Bên phải cột trụ là một hàng rào sắt màu xanh lá cây và một chiếc ô tô màu trắng đỗ ở góc đường. Phía cuối con đường là một cửa hàng có bảng hiệu màu nâu ghi dòng chữ ""ĐC THƯƠNG BÌNH""."
https://cdn.daibieunhandan.vn/images/b9dccf2610944215cc16af20b31f484109c91e2bd3b7c5e87723b10183dfd2b7f055a523e3a381efb69bbc60cfc89dc565ec7ddb5b277a93dd1aab82c737f9cad239d3e7c9ba1218d53c1b6cc57bcfe15a84ccedfe722b71135366c523369ebf/z4110323411727_b21b2e76c4d0a5e1c-1676425515158.jpg,"Bức ảnh chụp một con phố ở Việt Nam với nhiều phương tiện giao thông. Ở phía trước là một chiếc xe buýt màu đỏ trắng, có dòng chữ ""LIVERSEY"" được in trên thân xe. Phía sau xe buýt là một người đàn ông mặc áo khoác nâu đang lái xe máy. Bên cạnh xe buýt là một người đàn ông khác cũng đang lái xe máy. Phía bên trái của bức ảnh là một tòa nhà cao tầng với biển hiệu ""THE LIGHT HOTEL"". Trên cửa sổ của tòa nhà có dòng chữ ""NATURE PCS Personal Care"" và số điện thoại ""091-3258764"". Bức ảnh còn cho thấy một số chi tiết khác như cây xanh, đèn tín hiệu giao thông, v.v."
https://afamilycdn.com/150157425591193600/2025/1/13/giaothonghanoidipcantet114-1736769067434-1736769070832819413910.jpg,"Bức ảnh chụp từ trên cao xuống một con đường đông đúc với nhiều phương tiện giao thông, chủ yếu là ô tô và xe máy. Phía bên phải của bức ảnh là một cây cầu bê tông dài, có thể nhìn thấy dòng chữ ""VOV"" ở góc trên cùng bên trái của bức ảnh. Ở phía xa, có thể nhìn thấy các tòa nhà cao tầng và những hàng cây xanh mướt. Bức ảnh được chụp vào một ngày nắng đẹp, bầu trời trong xanh."
https://baoxaydung.com.vn/stores/news_dataimages/2023/062023/19/22/image00320230619225251.jpg?rt=20230619225326,"Bức ảnh chụp một con phố đông đúc với nhiều phương tiện giao thông, chủ yếu là ô tô và xe máy. Phía bên trái của bức ảnh là một tòa nhà cao tầng, phía trước tòa nhà có một biển hiệu quảng cáo màu đỏ với dòng chữ ""Doppel"". Phía sau tòa nhà là một hàng cây xanh rậm rạp. Phía bên phải của bức ảnh là một dãy các tòa nhà cao tầng khác nhau. Trên bầu trời, có thể nhìn thấy những đám mây trắng."
https://vcdn1-ngoisao.vnecdn.net/2025/01/14/Duong-pho-Ha-Noi-tac-duong-3-1736838117.jpg?w=460&h=0&q=100&dpr=1&fit=crop&s=K_0TKjtzEq-XdTcmM-R75Q,"Bức ảnh chụp từ trên cao, cho thấy một con đường đông đúc với nhiều phương tiện giao thông. Ở trung tâm bức ảnh là một chiếc ô tô màu xanh lá cây và một chiếc xe buýt màu nâu. Phía trước ô tô màu xanh lá cây là một người đàn ông mặc áo khoác đen đang lái xe máy. Bên phải ô tô màu xanh lá cây là một chiếc xe hơi màu trắng. Phía dưới ô tô màu xanh lá cây là một chiếc xe taxi màu đen có dòng chữ ""MYDINH"" được in trên thân xe. Ngoài ra, trong bức ảnh còn có một số người đi xe máy, tất cả đều đội mũ bảo hiểm. Bức ảnh được chụp vào một ngày nắng đẹp, bầu trời trong xanh."
https://cdn.tuoitre.vn/thumb_w/730/471584752817336320/2025/1/4/20250104-psn-tto-xe-khach-du-lich-tai-duong-bo-ke-tp-nha-trang-06022020-anh-phansongngan-1735997570444381981287.jpg,"Bức ảnh chụp từ trên cao, cho thấy một khu vực đông đúc với nhiều xe buýt. Ở trung tâm bức ảnh là một hàng xe buýt màu trắng và xanh dương xếp chồng lên nhau. Các xe buýt đều có dòng chữ ""SÀI GÒN"" được in nổi bật trên thân xe. Phía trước các xe buýt là một nhóm người đang xếp hàng chờ đợi. Một số người đang cầm bảng ghi số thứ tự của xe buýt. Bức ảnh cũng cho thấy một số biển hiệu khác như ""KHU VỰC CẤM"", ""CÁC PHƯỜNG TIÊN""."
https://admin.vov.gov.vn/UploadFolder/KhoTin/Files/UploadFolder/VOVVN/Files/cr_w800/uploaded/mgexs9y4vcjvgv8zrkawwa/2020_02_05/VOV_1_5__KEUL.JPG,"Bức ảnh chụp một con đường với nhiều người đi xe máy. Phía trên cùng bên trái của bức ảnh có logo VOV màu xanh lá cây và đỏ. Bức ảnh được chụp từ góc nhìn ngang, cho thấy toàn bộ con đường và các phương tiện giao thông. Có 4 người đang đi xe máy, trong đó có 3 người đàn ông và 1 người phụ nữ. Người đàn ông ở giữa mặc áo khoác màu đen, đội mũ bảo hiểm màu đen và đeo khẩu trang màu xanh dương. Người đàn ông bên trái mặc áo khoác màu đỏ, đội mũ bảo hiểm màu đen và đeo khẩu trang màu xanh dương. Người phụ nữ mặc áo khoác màu xanh dương, đội mũ bảo hiểm màu đen và đeo khẩu trang màu xanh dương. Trên đường có nhiều cây xanh và cờ đỏ sao vàng treo lơ lửng."
https://image.bnews.vn/MediaUpload/Org/2022/08/01/100220-ha-noi-tac-duong-gio-cao-diem-tai-nut-giao-thong-nga-tu-so-nguyen-trai-trong-ngay-dau-tuan.jpg,"Bức ảnh chụp từ trên cao xuống một con đường đông đúc với nhiều phương tiện giao thông, chủ yếu là ô tô và xe máy. Ở giữa bức ảnh là một chiếc xe tải màu trắng có dòng chữ ""29H 221-77"" được in rõ ràng. Xe tải này nằm ở vị trí trung tâm của bức ảnh, cách xa các phương tiện khác. Phía trước xe tải là một nhóm người đang di chuyển bằng xe máy. Bên trái bức ảnh là một hàng cây xanh mướt, tạo nên khung cảnh thiên nhiên tươi đẹp. Phía bên phải bức ảnh là một dãy nhà cao tầng, cho thấy đây là một khu vực đô thị."
https://baogiaothong.mediacdn.vn/upload/images/2022-1/album_img/2022-03-02/img-bgt-2021-o-1646186748-width2560height1440.jpg,"Bức ảnh chụp cảnh đường phố với nhiều phương tiện giao thông đang lưu thông. Ở trung tâm bức ảnh là một người đàn ông đang lái xe máy màu xanh lá cây. Phía sau người đàn ông là một chiếc ô tô màu xanh lá cây và một chiếc xe hơi màu trắng. Hai bên đường có nhiều cây xanh và các tòa nhà cao tầng. Trên vỉa hè, có một người phụ nữ đang đi bộ."
https://image.plo.vn/w1000/Uploaded/2025/ofhtamzstuqg/2023_12_06/z4948150788742-0b982448653ef00b3820a3822a776a69-7854-91.jpg.webp,"Bức ảnh chụp một con phố đông đúc với nhiều phương tiện giao thông, chủ yếu là xe máy. Ở phía trước là một nhóm người đang lái xe máy, trong đó có một người đàn ông đội mũ bảo hiểm màu vàng và một người phụ nữ đội mũ bảo hiểm màu đỏ. Phía sau họ là một chiếc xe tải lớn màu trắng được bao phủ bởi một tấm bạt màu xanh dương. Bên trái bức ảnh là một tòa nhà cao tầng với biển hiệu ""MAXHOME"" ở trên cửa ra vào. Trên tường của tòa nhà này cũng có một biển quảng cáo bằng tiếng Việt. Bức ảnh được chụp từ góc nhìn ngang, cho phép người xem nhìn thấy toàn bộ con phố và các phương tiện giao thông."
https://thanhnien.mediacdn.vn/uploaded/maiha/2020_01_30/img_6417_NXQY.jpg?width=500,"Hình ảnh cho thấy một góc đường phố ở Việt Nam. Đường phố đông đúc với nhiều phương tiện đang lưu thông, chủ yếu là xe máy và ô tô. Hai bên đường có nhiều cây xanh và các tòa nhà cao tầng. Bầu trời trong xanh và có một vài đám mây."
https://static-images.vnncdn.net/files/publish/2023/7/19/w-cc5d626a51278279db36-1-298.jpg,"Bức ảnh chụp một con đường đông đúc với nhiều phương tiện giao thông, chủ yếu là xe máy và ô tô. Ở phía trước là một chiếc xe buýt màu xanh dương có dòng chữ ""Xe Bus 10 - 10"" được in trên thân xe. Phía sau xe buýt là một chiếc xe tải màu trắng có dòng chữ ""P233"" được in trên thân xe. Phía bên phải của bức ảnh là một chiếc xe hơi màu đen có dòng chữ ""P2"" được in trên thân xe. Bên cạnh đó là một số người đang di chuyển trên đường, họ mặc áo mưa và đội mũ bảo hiểm. Bức ảnh được chụp từ góc cao, cho phép người xem nhìn thấy toàn bộ con đường và các phương tiện giao thông."
https://media.vietnamplus.vn/images/7255a701687d11cb8c6bbc58a6c807859d0e4889b99ae899ba840af6b66a9862afc93336e25b8bb3db4feb4e901c7bd48b30e2a514304d8680952bb930a95c15/quoc-lo-14b-4044.jpg.webp,"Bức ảnh chụp một con đường nhựa thẳng tắp, hai bên đường là hàng cây xanh mát. Ở phía trước là một chiếc xe buýt màu vàng với dòng chữ ""Quang Xuyên"" được in trên thân xe. Phía sau xe buýt là một người đàn ông đang lái xe máy. Bên trái đường là một cột đèn giao thông với màn hình hiển thị nội dung ""Quang Xuyên"". Ngoài ra, còn có một số biển báo giao thông khác nhưng không rõ nội dung."
https://i.ytimg.com/vi/p4Y-BH0oUJI/maxresdefault.jpg,"Bức ảnh chụp từ trên cao, cho thấy một ngã tư đường đông đúc với nhiều phương tiện giao thông như ô tô, xe máy và xe buýt. Phía dưới là dòng chữ ""HỖN LOẠN"" được viết bằng màu vàng nổi bật trên nền đen, bên dưới là dòng chữ ""DO MUA ĐÚNG GIỜ CAO ĐIỂM"" cũng được viết bằng màu vàng."
https://gdtd.1cdn.vn/thumbs/540x360/2024/07/18/icdn.24h.com.vn-upload-3-2024-images-2024-07-18-_1721272553-320-thumbnail-width740height495_anh_cat_3_2-auto-crop.jpg,"Bức ảnh chụp một con đường cao tốc với nhiều phương tiện đang lưu thông. Ở trung tâm bức ảnh là một chiếc xe ô tô màu đỏ có biển số 51H - 399.52. Phía sau xe ô tô này là một chiếc xe hơi màu trắng và một chiếc xe tải màu xanh lá cây. Trên xe tải có dòng chữ ""HAI VAN"" được viết bằng tiếng Việt. Ngoài ra, còn có một biển báo quảng cáo ở phía trên cùng bên phải của bức ảnh với dòng chữ ""VP Bank""."
https://img.cand.com.vn/NewFiles/Images/2024/03/19/a-1710822064944.jpg,"Bức ảnh chụp một con phố đông đúc với nhiều phương tiện giao thông, chủ yếu là ô tô và xe máy. Phía bên trái bức ảnh là một chiếc xe buýt màu xanh dương đang chạy trên đường. Bên phải bức ảnh là một cột trụ bê tông cao, được sơn màu xám nhạt. Trên cột trụ có một tấm biển quảng cáo màu vàng với dòng chữ ""P2"". Ở phía trước của bức ảnh là một nhóm người đang di chuyển trên vỉa hè, họ mặc áo mưa và đội mũ bảo hiểm. Một số người đang lái xe máy, trong khi những người còn lại đang đi bộ hoặc đứng chờ đợi. Bức ảnh được chụp từ góc nhìn ngang, cho phép người xem nhìn thấy toàn bộ con phố và các phương tiện giao thông."
https://static.tuoitre.vn/tto/i/s626/2017/03/27/58ead15d.jpg,"Bức ảnh chụp một cảnh đường phố đông đúc vào ban đêm. Ở trung tâm bức ảnh là một cảnh sát giao thông mặc đồng phục màu vàng, đội mũ bảo hiểm, đang cầm một thanh đèn tín hiệu giao thông. Phía trước cảnh sát là một người đàn ông ngồi trên xe máy, phía sau anh ta là nhiều người khác đang di chuyển trên đường. Bức ảnh được chụp từ góc nghiêng, cho phép người xem nhìn thấy toàn bộ cảnh quan bên ngoài. Ngoài ra, có thể nhận thấy một số biển báo giao thông như ""50-F2 0269""."
https://baodanang.vn/dataimages/202403/original/images1730730_4__HOIANDSC_1094.jpg,"Bức ảnh chụp một con phố ở thành phố Đà Nẵng. Ở phía trước là một hàng xe máy đang di chuyển trên vỉa hè. Phía bên trái là một tòa nhà với biển hiệu ""Báo Đà Nẵng"" được viết bằng chữ in hoa màu trắng nổi bật trên nền xanh lá cây. Bên phải là một hàng cây xanh rậm rạp, tạo nên khung cảnh lung linh cho con phố. Trên đường có nhiều phương tiện giao thông như ô tô, xe máy và xe đạp đang lưu thông."
https://static.kinhtedothi.vn/w960/images/upload/2021/12/25/5abf258f-b284-4cd9-90ee-6c50d5f2a79f.jpg,"Bức ảnh chụp một cảnh đường phố với nhiều phương tiện giao thông. Ở phía trước là một chiếc xe buýt màu trắng, có dòng chữ ""THAHOO"" được in nổi bật trên thân xe. Phía sau xe buýt là một chiếc xe máy màu xanh dương và một chiếc xe ô tô màu đỏ. Bên phải của bức ảnh là một chiếc xe buýt màu trắng khác cũng có dòng chữ ""THAHOO"" in trên thân xe. Ngoài ra, còn có một số người đang di chuyển trên đường, trong đó có một người đàn ông đội mũ bảo hiểm đang lái xe máy. Bức ảnh được chụp từ góc nhìn ngang, cho phép người xem nhìn thấy toàn bộ cảnh quan xung quanh."
https://images2.thanhnien.vn/528068263637045248/2025/1/11/dh66335-1736576844231702038683.jpg,"Bức ảnh chụp từ trên cao xuống một con đường đông đúc với nhiều phương tiện giao thông, chủ yếu là ô tô và xe máy.  Phía bên phải của bức ảnh là một chiếc xe tải màu xanh dương có dòng chữ ""TAPHA DAI THANH"" được in trên thân xe. Bên trái của bức ảnh là một hàng cây xanh rậm rạp bao quanh một dãy nhà cao tầng. Trên đường có nhiều biển báo giao thông, trong đó có một biển báo hình tròn màu trắng viền đỏ với dòng chữ ""Cấm đi ngược chiều""."
https://icdn.24h.com.vn/upload/4-2020/images/2020-10-08/Ha-Noi-thay-doi-khoang-thoi-gian-gio-cao-diem-tu-20-10-2020-tac-1602152881-119-width660height440.jpg,"Bức ảnh chụp một con phố đông đúc vào ban đêm. Phía bên trái của bức ảnh là một tòa nhà cao tầng với biển hiệu màu xanh lá cây ghi chữ ""GIÁ TỐT"". Phía bên phải của bức ảnh là một tòa nhà cao tầng khác cũng có biển hiệu màu xanh lá cây ghi chữ ""GIÁ TỐT"". Ở giữa bức ảnh là một con phố đông đúc với nhiều phương tiện đang lưu thông, chủ yếu là ô tô và xe máy. Trên đường có rất nhiều đèn neon sáng rực rỡ. Bức ảnh được chụp từ góc nhìn ngang, cho phép người xem nhìn thấy toàn bộ con phố và các tòa nhà xung quanh."
https://nguoiduatin.mediacdn.vn/zoom/642_401/media/ngac-kim-giang/2023/11/19/gio-cao-diem-phi-xe-may-len-via-he-co-bi-phat.jpg,"Bức ảnh chụp một con phố đông đúc với nhiều phương tiện giao thông, chủ yếu là xe máy và ô tô. Ở trung tâm bức ảnh là một người phụ nữ mặc áo khoác màu vàng đang đi xe đạp trên vỉa hè. Phía sau người phụ nữ là một chiếc xe máy màu trắng có biển số hiệu ""123456789"". Bên phải người phụ nữ là một chiếc xe máy màu đỏ có biển số hiệu ""123456789"". Ngoài ra, còn có một số người khác đang di chuyển trên đường, bao gồm cả những người đi xe máy và ô tô. Bức ảnh được chụp vào buổi tối, ánh sáng mặt trời chiếu rọi xuống con phố tạo nên một khung cảnh lung linh và nhộn nhịp."
https://cdn.daibieunhandan.vn/images/b9dccf2610944215cc16af20b31f484109c91e2bd3b7c5e87723b10183dfd2b73372b0b75da13a688be3521257febc65c73e680452ec0656159fb83c2892052f970e12148a90a687fc658b1208dff4675a84ccedfe722b71135366c523369ebf/z4110321420940_32e03e1147a2ef4c2-1676425503643.jpg,"Bức ảnh chụp một con phố ở Việt Nam. Ở phía trước là một chiếc xe buýt màu bạc đang đỗ bên lề đường. Phía sau xe buýt là một tòa nhà cao tầng với biển hiệu ""THELICHTH HOTEL"" được viết bằng chữ vàng nổi bật trên nền trắng. Trên tường của tòa nhà có dòng chữ ""NATURE PCS"" được viết bằng chữ xanh lá cây. Bên trái bức ảnh là một cửa hàng có biển hiệu ""THỐNG NHẤT"" được viết bằng chữ đen trên nền trắng. Bức ảnh còn cho thấy một số người đi bộ và xe máy trên đường."
https://file3.qdnd.vn/data/images/0/2022/12/02/vuhuyen/cau-chuong-duong.jpg?dpi=150&quality=100&w=870,"Bức ảnh chụp một con đường đông đúc với nhiều phương tiện giao thông, chủ yếu là ô tô và xe máy. Phía bên trái bức ảnh là một hàng cây xanh rậm rạp, phía bên phải là một tòa nhà cao tầng có biển hiệu ""Chuyển E Bán Buôn"". Ở góc dưới bên phải của bức ảnh có dòng chữ ""ToQuoc"" được in màu đỏ đậm."
https://cdnphoto.dantri.com.vn/hkOE1-wDJmpCUjCWq4KZ4DhrG4c=/2022/03/23/11tran-duy-hung-1648002651999.jpeg,"Bức ảnh chụp một con đường đông đúc với nhiều phương tiện giao thông, chủ yếu là ô tô và xe máy. Ở phía bên trái của bức ảnh, có một biển hiệu quảng cáo màu tím với dòng chữ ""WELCOME TO THE 31st SOUTH EAST ASIAN GAMES VIET NAM 2021"". Bên cạnh biển hiệu là một cột đèn chiếu sáng. Phía bên phải của bức ảnh, có một chiếc xe buýt màu xanh lá cây đang chạy trên đường. Dọc theo con đường, có nhiều cây xanh và các tòa nhà cao tầng. Bức ảnh được chụp vào ban đêm, ánh đèn đường và đèn tín hiệu rực rỡ tạo nên khung cảnh lung linh và nhộn nhịp."
https://admin.vov.gov.vn/UploadFolder/KhoTin/Files/UploadFolder/VOVVN/Files/cr_w800/uploaded/mgexs9y4vcjvgv8zrkawwa/2020_02_05/VOV_1_2__YNCK.JPG,"Bức ảnh chụp một con đường với nhiều phương tiện giao thông đang lưu thông. Ở trung tâm bức ảnh là một người đàn ông đội mũ bảo hiểm màu xanh lá cây, mặc áo khoác màu xanh lá cây và đeo khẩu trang y tế. Anh ta đang lái một chiếc xe máy màu trắng có mái che màu xanh dương. Bên cạnh anh ta là một người đàn ông khác cũng đội mũ bảo hiểm màu xanh lá cây, mặc áo khoác màu xanh lá cây và đeo khẩu trang y tế. Người đàn ông này đang lái một chiếc xe máy màu trắng có mái che màu xanh dương. Phía sau hai người đàn ông là một chiếc xe ô tô màu trắng. Ngoài ra, trong bức ảnh còn có một biển báo quảng cáo màu xanh dương với dòng chữ ""VOV"" được in trên đó. Bức ảnh được chụp từ góc nhìn ngang, cho phép người xem nhìn thấy toàn bộ con đường và các phương tiện giao thông đang lưu thông."
https://hnm.1cdn.vn/2023/12/28/nga-tu-5.jpg,"Bức ảnh chụp từ trên cao, cho thấy một khu vực giao thông đông đúc với nhiều phương tiện đang lưu thông. Ở trung tâm bức ảnh là một cây cầu bắc qua một con sông, có thể nhìn thấy dòng chữ ""0982 05 05 05"" được in trên một tấm biển màu vàng. Phía bên phải của bức ảnh là một tòa nhà cao tầng với nhiều biển hiệu quảng cáo bằng tiếng Việt và tiếng Anh. Ngoài ra, ở góc dưới bên phải của bức ảnh còn có dòng chữ ""LAO ĐỘNG laodong.vn""."
https://nld.mediacdn.vn/291774122806476800/2023/7/12/ntd2890-1689135746669906683724.jpg,"Bức ảnh chụp một con đường đông đúc với nhiều phương tiện giao thông, chủ yếu là ô tô và xe máy. Ở phía bên trái của bức ảnh, có một biển báo màu xanh dương với dòng chữ ""Lãnh đạo riêng BRT"" được treo trên cột đèn. Phía bên phải của bức ảnh, có một chiếc xe tải màu xám đang di chuyển về phía trước. Ngoài ra, còn có một số cây xanh ở hai bên đường, tạo nên một khung cảnh thiên nhiên tươi đẹp."
https://photo.znews.vn/Uploaded/hgtmzz/2025_01_10/otolanlanxemay_14_znews.jpg,"Bức ảnh chụp một con đường đông đúc với nhiều phương tiện giao thông, chủ yếu là ô tô và xe máy. Ở phía trước là một chiếc xe buýt màu vàng có dòng chữ ""SBS"" được in trên thân xe. Phía sau xe buýt là một chiếc xe tải màu trắng có dòng chữ ""PIAGGIO"" được in trên thân xe. Bên trái bức ảnh là một biển hiệu quảng cáo với dòng chữ ""CẦN TIỀN HÀNG CÓ CHẤT LƯỢNG VÀ NÂNG CAO"" được in trên nền xanh lá cây. Ngoài ra, còn có các biển hiệu khác như ""XE CHUYỂN NGHIỆP"", ""GIÁ TRỊ PHỤ KIỆN""."
https://image.anninhthudo.vn/h600/Uploaded/2025/wpjwcdhnw/2024_06_05/antd-mua-giong01-9127.jpg,"Bức ảnh chụp một con đường đông đúc với nhiều phương tiện giao thông, chủ yếu là xe máy và ô tô. Phía trước là một nhóm người đang lái xe máy, trong đó có hai người mặc áo mưa màu xanh lá cây và một người mặc áo mưa màu đỏ. Hai người này đều đeo khẩu trang y tế. Phía sau họ là một nhóm người khác cũng đang lái xe máy, trong đó có một người mặc áo mưa màu vàng và một người mặc áo mưa màu đen. Bức ảnh được chụp vào buổi tối, ánh đèn đường chiếu sáng rọi xuống con đường, tạo nên một khung cảnh nhộn nhịp và ấm áp."
https://baoxaydung.com.vn/stores/news_dataimages/2023/062023/19/22/image00520230619225253.jpg?rt=20230619225340,"Bức ảnh chụp một con phố đông đúc với nhiều người đi bộ và xe máy. Phía bên trái bức ảnh là một cửa hàng có biển hiệu màu vàng với dòng chữ ""BÁN VÀ CHO THUÊ GIÁO"" và số điện thoại ""0984 71 8998"". Phía bên phải bức ảnh là một cửa hàng có biển hiệu màu xanh dương với dòng chữ ""SẮT MỸ THUẬT NGỌC ANH"". Trên cao là những cây xanh rậm rạp."
https://image.anninhthudo.vn/h600/Uploaded/2025/wpjwcdhnw/2024_06_05/antd-mua-giong05-8246.jpg,"Bức ảnh chụp từ trên cao xuống một con đường đông đúc với nhiều phương tiện giao thông, chủ yếu là ô tô và xe máy. Phía bên trái của bức ảnh là một hàng cây xanh rậm rạp, phía bên phải là những tòa nhà cao tầng. Ở giữa bức ảnh là một chiếc xe buýt màu xanh dương đang chạy trên đường. Trên xe buýt có dòng chữ ""VIP PHƯƠNG HUY"" được in rõ ràng."
https://ktmt.vnmediacdn.com/images/2022/09/18/53-1663478310-cau-long-bien1-1.jpg,"Bức ảnh chụp một con phố đông đúc với nhiều người đi xe máy. Phía bên trái là một tòa nhà màu vàng có dòng chữ ""BIÊN"" được in trên tường. Phía trước tòa nhà là một cây xanh lớn, tán lá xum xuê. Ở giữa bức ảnh là một con đường lát gạch, hai bên đường là những hàng cây xanh mướt. Trên đường có rất nhiều xe máy đang lưu thông, tạo nên một khung cảnh nhộn nhịp và sôi động."
https://baogiaothong.mediacdn.vn/603483875699699712/2024/1/11/20231125101323-1704947532374777008772.jpg,"Bức ảnh chụp cảnh đường phố với một chiếc xe tải màu đỏ đang di chuyển trên đường. Xe tải có dòng chữ ""VIETNAM COOPERATION"" và ""CÔNG TY CP NHẤT VIỆT"" được in trên thân xe. Phía sau xe tải là một con đường nhựa trải dài, hai bên đường có nhiều cây xanh và các tòa nhà cao tầng. Trên đường có một số phương tiện đang lưu thông, trong đó có một chiếc xe ô tô màu đen đỗ bên lề đường."
https://danviet.mediacdn.vn/296231569849192448/2022/10/26/10-16667553676141518341906-16667554106641560453345.jpeg,"Bức ảnh chụp một con phố nhỏ với nhiều người đang ngồi uống nước và ăn uống. Ở phía trước là một quán cà phê có biển hiệu ""EXCHANGE MONEY CELLPHONE CHARGER"". Phía sau quán cà phê là một cửa hàng bán đồ gia dụng có biển hiệu ""CÁC LOẠI THỜI TRANG"". Bên cạnh quán cà phê là một chiếc xe máy màu xanh lá cây. Bức ảnh được chụp từ góc nhìn ngang, cho phép người xem nhìn thấy toàn bộ khung cảnh của con phố."
https://www.baohanam.com.vn/DATA/IMAGES/2023/11/22/20231122094220-571.jpg,"Bức ảnh chụp từ trên cao, góc nghiêng, cho thấy một ngã tư đường đông đúc với nhiều phương tiện giao thông đang lưu thông. Phía bên trái của bức ảnh là một tòa nhà màu vàng với dòng chữ ""thegioi"" được in nổi bật. Ở giữa bức ảnh là một con đường với nhiều xe máy và ô tô đang lưu thông. Phía bên phải của bức ảnh là một hàng cây xanh rợp bóng mát. Trên vỉa hè có một biển báo cấm đậu xe."
https://vcdn1-vnexpress.vnecdn.net/2014/09/03/NXP-0324-1409706597.jpg?w=460&h=0&q=100&dpr=2&fit=crop&s=5DJKtai3EDu6fHbYOGctSw,"Bức ảnh chụp một con phố đông đúc với nhiều phương tiện giao thông, chủ yếu là xe máy. Phía bên trái của bức ảnh là một cửa hàng có biển hiệu ""Made in Vietnam"" và một chiếc ô tô màu đỏ đang di chuyển trên đường. Phía bên phải của bức ảnh là một hàng cây xanh mướt được trồng dọc theo vỉa hè. Bức ảnh được chụp từ góc nhìn ngang, cho phép người xem nhìn thấy toàn bộ con phố và các phương tiện giao thông."
https://media.vietnamplus.vn/images/7255a701687d11cb8c6bbc58a6c80785971fb967f34cef14fc9fae34357dd6781b82b9875d57d400e7a3cf45250910d7cdb57feb901aea868e56e8a402356a73/tac_duong_3.jpeg,"Bức ảnh chụp một con phố ở Việt Nam với nhiều người đi bộ và xe máy. Ở phía trước là một chiếc xe hơi màu trắng đỗ bên lề đường, biển số xe là E-092.43. Bên phải là một người đàn ông mặc áo sơ mi trắng, quần tây đen đang đứng cạnh một chiếc xe máy màu đỏ. Phía sau người đàn ông là một nhóm người đang đi bộ, trong đó có một cậu bé mặc áo thun xanh dương in dòng chữ ""LIVE"" và một cô gái mặc áo hoa hồng đội mũ bảo hiểm. Ngoài ra, còn có hai người phụ nữ khác đang đi bộ trên vỉa hè. Bức ảnh được chụp từ góc nhìn ngang, cho phép người xem nhìn thấy toàn bộ con phố và các phương tiện giao thông."
https://kenh14cdn.com/203336854389633024/2023/8/4/photo-6-16911564439211604865120.jpg,"Bức ảnh chụp từ trên cao xuống một con đường đông đúc với nhiều phương tiện giao thông, chủ yếu là ô tô và xe máy. Đường phố được bao quanh bởi những cây xanh và các tòa nhà cao tầng. Phía bên phải của bức ảnh, có thể nhìn thấy một cây cầu vượt đang xây dựng.  Bức ảnh cho thấy sự nhộn nhịp của cuộc sống ở Việt Nam, đặc biệt là tại thành phố Hồ Chí Minh."
https://www.baohanam.com.vn/DATA/IMAGES/2023/11/22/20231122094220-571.jpg,"Bức ảnh chụp từ trên cao, góc nghiêng, cho thấy một ngã tư đường đông đúc với nhiều phương tiện giao thông đang lưu thông. Phía bên trái của bức ảnh là một tòa nhà màu vàng với dòng chữ ""thegioi"" được in nổi bật. Ở giữa bức ảnh là một con đường với nhiều xe máy và ô tô đang lưu thông. Phía bên phải của bức ảnh là một hàng cây xanh rợp bóng mát. Trên vỉa hè có một biển báo cấm đậu xe."
