original_url,source_website,resolution,search_query,local_path,short_caption
https://cand.com.vn/Files/Image/chienthang/2020/04/06/08aecc16-8462-4443-9dbb-88aa6d1b572e.jpg,Công an Nhân dân,600x400,vỉa hè đường phố việt nam,./images\vỉa_hè_đường_phố_việt_nam_fb9c9f46.jpg,
https://cafebiz.cafebizcdn.vn/162123310254002176/2024/1/1/9-anh-1-via-he-duong-hung-vuong-quan-5-duoc-son-ke-vach-vang-ai-my-17040246564941929810802-1704073600647-17040736007441442461735.jpg,CafeBiz,2000x1500,vỉa hè đường phố việt nam,./images\vỉa_hè_đường_phố_việt_nam_bc132b4c.jpg,
https://cdn.tiasang.com.vn/tiasang-media/2023/05/tam-hon-via-he-anh-3-1.jpg,Tạp chí Tia sáng,1901x1271,vỉa hè đường phố việt nam,./images\vỉa_hè_đường_phố_việt_nam_0f1d2927.jpg,
https://cand.com.vn/Files/Image/chienthang/2020/04/06/thumb_660_54694809-c46f-4468-85cf-5193893d216d.jpg,Công an Nhân dân,660x451,vỉa hè đường phố việt nam,./images\vỉa_hè_đường_phố_việt_nam_c4c38b12.jpg,
https://icdn.dantri.com.vn/thumb_w/680/dansinh/2024/10/03/anh-2b-ky-2-kinh-te-via-heok-1727930149378.jpg,Dân sinh - Dân trí,680x454,vỉa hè đường phố việt nam,./images\vỉa_hè_đường_phố_việt_nam_71626442.jpg,
https://static.tuoitre.vn/tto/i/s626/2017/03/15/ht-viahe-2-jpg-1489550320.jpg,Báo Tuổi Trẻ,665x443,vỉa hè đường phố việt nam,./images\vỉa_hè_đường_phố_việt_nam_eb17338d.jpg,
https://media-cdn-v2.laodong.vn/storage/newsportal/2023/9/20/1244094/Via-He-HN.00_00_03_2.jpg,Báo Lao động,1920x1080,vỉa hè đường phố việt nam,./images\vỉa_hè_đường_phố_việt_nam_c661a089.jpg,
https://file3.qdnd.vn/data/images/0/2022/10/02/tuanson/3.jpg,Báo Quân đội nhân dân,570x355,vỉa hè đường phố việt nam,./images\vỉa_hè_đường_phố_việt_nam_8005bc7a.jpg,
https://file1.dangcongsan.vn/data/0/images/2022/12/23/upload_34/viaa-he.jpg,Báo điện tử - Đảng Cộng sản Việt Nam,660x495,vỉa hè đường phố việt nam,./images\vỉa_hè_đường_phố_việt_nam_57a92236.jpg,
https://tl.cdnchinhphu.vn/344445545208135680/2023/3/31/via-he-3-16802486785141789412253.jpg,thanglong.chinhphu.vn - Cổng Thông tin điện tử Chính phủ,2000x1224,vỉa hè đường phố việt nam,./images\vỉa_hè_đường_phố_việt_nam_c6659056.jpg,
https://baogiaothong.mediacdn.vn/upload/images/2020-4/article_img/2020-12-09/20201123-144954-1607501486-width1000height750-auto-crop.jpg,Báo Giao Thông,700x525,vỉa hè đường phố việt nam,./images\vỉa_hè_đường_phố_việt_nam_1b109b00.jpg,
https://phunuvietnam.mediacdn.vn/zoom/660_412/179072216278405120/2023/12/17/5-17028030786659664761-61-0-861-1280-crop-17028031051642012323296.jpg,Báo Phụ nữ Việt Nam,660x412,vỉa hè đường phố việt nam,./images\vỉa_hè_đường_phố_việt_nam_122da122.jpg,
https://images2.thanhnien.vn/528068263637045248/2023/4/4/z4237593743712668a5b49fea4d26c0efe4ddc786c07eb-1680612929609807731264.jpg,Báo Thanh Niên,2000x1333,vỉa hè đường phố việt nam,./images\vỉa_hè_đường_phố_việt_nam_d5cd73b3.jpg,
https://file1.dangcongsan.vn/DATA/0/2017/04/via_he-09_54_55_246.gif,Báo điện tử - Đảng Cộng sản Việt Nam,490x327,vỉa hè đường phố việt nam,./images\vỉa_hè_đường_phố_việt_nam_329f51e2.gif,
https://media-cdn-v2.laodong.vn/storage/newsportal/2024/11/17/1422701/Via-He-Ha-Noi-Cuoi-N.jpg,Báo Lao Động,1400x1050,vỉa hè đường phố việt nam,./images\vỉa_hè_đường_phố_việt_nam_1e36173c.jpg,
http://nld.mediacdn.vn/2020/8/31/31-8-via-he-9-15988822136511669203646.jpg,Báo Người Lao Động,2000x1500,vỉa hè đường phố việt nam,./images\vỉa_hè_đường_phố_việt_nam_e2d7dc53.jpg,
https://static-images.vnncdn.net/files/publish/2023/2/10/name-14-297.jpg,VietNamNet,2080x1387,vỉa hè đường phố việt nam,./images\vỉa_hè_đường_phố_việt_nam_91c84359.jpg,
https://ddk.1cdn.vn/2024/07/22/lan_chiem_via_he-le-khanh25-1-.jpg,Báo Đại Đoàn Kết,1920x1280,vỉa hè đường phố việt nam,./images\vỉa_hè_đường_phố_việt_nam_264b9970.jpg,
https://file3.qdnd.vn/data/images/0/2023/03/17/tuanson/1.jpg,Báo Quân đội nhân dân,1632x1229,vỉa hè đường phố việt nam,./images\vỉa_hè_đường_phố_việt_nam_4123b478.jpg,
https://kientrucvietnam.org.vn/wp-content/uploads/2023/06/ha-noi-1.jpg,Tạp chí Kiến trúc Việt Nam,600x400,vỉa hè đường phố việt nam,./images\vỉa_hè_đường_phố_việt_nam_f7929152.jpg,
https://thanhphohaiphong.gov.vn/wp-content/uploads/2019/09/2-3-1496913658106-1657.jpg,Cổng tin tức thành phố Hải Phòng,540x360,vỉa hè đường phố việt nam,./images\vỉa_hè_đường_phố_việt_nam_dfea2972.jpg,
https://cdnmedia.baotintuc.vn/Upload/DUU6RrxzRxC3rhmuFd3A/files/2024/04/pho-nui-truc-9.jpg,baotintuc.vn,1600x900,vỉa hè đường phố việt nam,./images\vỉa_hè_đường_phố_việt_nam_ae89243d.jpg,
https://img.vietcetera.com/uploads/images/09-dec-2021/to-tie-n.jpeg,Vietcetera,2000x1123,vỉa hè đường phố việt nam,./images\vỉa_hè_đường_phố_việt_nam_0e204dea.jpeg,
https://cdn.tiasang.com.vn/tiasang-media/2024/02/tam-hon-via-he-Anh-5-1118x700.jpg,Tạp chí Tia sáng,1118x700,vỉa hè đường phố việt nam,./images\vỉa_hè_đường_phố_việt_nam_2b8c1ff0.jpg,
https://vcdn1-vnexpress.vnecdn.net/2023/03/08/2-jpg-1678174722-1678243366.jpg?w=1200&h=0&q=100&dpr=1&fit=crop&s=MEnw1qWooiJtuJwnNiStpw,VnExpress,1200x720,vỉa hè đường phố việt nam,./images\vỉa_hè_đường_phố_việt_nam_99577e57.jpg,
https://media.vneconomy.vn/images/upload/2024/01/22/giu-xe-chiem-via-he-03.jpg,VnEconomy,1920x1331,vỉa hè đường phố việt nam,./images\vỉa_hè_đường_phố_việt_nam_02abb5f6.jpg,
https://image.plo.vn/Uploaded/2025/wpdhncwqr/2024_05_18/thu-phi-via-he-10-4767.jpg,PLO,6720x4480,vỉa hè đường phố việt nam,./images\vỉa_hè_đường_phố_việt_nam_2a8a50ac.jpg,
https://static-images.vnncdn.net/files/publish/2022/12/10/via-he-1441.jpg,VietNamNet,1783x1139,vỉa hè đường phố việt nam,./images\vỉa_hè_đường_phố_việt_nam_c385d3e1.jpg,
https://suckhoedoisong.qltns.mediacdn.vn/324455921873985536/2023/4/9/c9850d06-895f-45bf-9cbc-e27f0853367a-1681031450019978844493.jpeg,Sức khỏe đời sống,2000x1500,vỉa hè đường phố việt nam,./images\vỉa_hè_đường_phố_việt_nam_115aa16b.jpeg,
https://congdankhuyenhoc.qltns.mediacdn.vn/449484899827462144/2022/12/18/3191116337289192756131732708916498726144135n-1671331642084617583120.jpg,Tạp chí Công dân và Khuyến học,1080x1920,vỉa hè đường phố việt nam,./images\vỉa_hè_đường_phố_việt_nam_ca21b785.jpg,
https://media-cdn-v2.laodong.vn/storage/newsportal/2024/1/11/1291321/Via-He-Tphcm-16.jpg,Báo Lao động,1280x960,vỉa hè đường phố việt nam,./images\vỉa_hè_đường_phố_việt_nam_c8653b32.jpg,
https://media.vietnamplus.vn/images/7255a701687d11cb8c6bbc58a6c80785024db0eafb2d38c52a2509fabe99c057e7c410225496e988053a01a885fe2761ee3b24f0cd690c0b85f16d59fdbedaf3/via_he_Ha_Noi_sau_1_nam_1.jpg,Vietnam+ (VietnamPlus),1000x667,vỉa hè đường phố việt nam,./images\vỉa_hè_đường_phố_việt_nam_6fa0b880.jpg,
http://kientrucvietnam.org.vn/wp-content/uploads/2016/09/singaporeup.jpg,Kiến trúc,567x378,vỉa hè đường phố việt nam,./images\vỉa_hè_đường_phố_việt_nam_cc75324f.jpg,
https://vnindustry.net/storage/photos/2023/09/07/6/mo-hinh-kinh-te-via-he-1.webp,Vnindustry - Kênh tin tức kinh tế công nghiệp Việt Nam,680x452,vỉa hè đường phố việt nam,./images\vỉa_hè_đường_phố_việt_nam_e5854fdd.webp,
https://cdn1.tuoitre.vn/thumb_w/1200/471584752817336320/2024/11/13/via-he-1731460515615981006645-172-0-1219-2000-crop-173146056807515788617.jpg,Báo Tuổi Trẻ,1200x628,vỉa hè đường phố việt nam,./images\vỉa_hè_đường_phố_việt_nam_ccde8643.jpg,
https://media.vneconomy.vn/w800/images/upload/2023/08/29/ban-le-duong-ksbo-thumb-9843.jpg,VnEconomy,800x534,vỉa hè đường phố việt nam,./images\vỉa_hè_đường_phố_việt_nam_b56c592c.jpg,
https://media.vietnamplus.vn/images/7255a701687d11cb8c6bbc58a6c80785f710f21e4ee0c569955a3ad40186fac2f3f8693d8610d955ad1ac8079b6d7dcaf61bb99efc3cdb70dc523ce6b0d3da4b/lat-da-via-he-2-5588.jpg,Vietnam+ (VietnamPlus),1000x696,vỉa hè đường phố việt nam,./images\vỉa_hè_đường_phố_việt_nam_e2f2252a.jpg,
https://dothi.reatimes.vn/uploads/images/2024/07/16/duong-xe-dap-1-1721123149.jpeg,Do Thi - Reatimes,2000x1054,vỉa hè đường phố việt nam,./images\vỉa_hè_đường_phố_việt_nam_d113c6bb.jpeg,
https://nld.mediacdn.vn/291774122806476800/2023/6/14/1-1686707607644468182377.jpg,Báo Người Lao Động,2000x1333,vỉa hè đường phố việt nam,./images\vỉa_hè_đường_phố_việt_nam_9c1e588c.jpg,
https://static.kinhtedothi.vn/w960/images/upload/2021/12/22/lat-via-he-cho-cac-tuyen-pho-chinh.jpg,Báo Kinh tế đô thị,616x400,vỉa hè đường phố việt nam,./images\vỉa_hè_đường_phố_việt_nam_5bfc8a2e.jpg,
https://sgtvt.hochiminhcity.gov.vn/Tin-tuc/Chi-tiet-bai-viet/moduleId/2002/controller/TinTuc/action/Image?filePath=/NOIDUNG/2024/5/13/NOIDUNG_10332364.jpg,Sở GTVT TPHCM,1024x872,vỉa hè đường phố việt nam,./images\vỉa_hè_đường_phố_việt_nam_12673ab9.jpg,
https://cdn.daibieunhandan.vn/images/4503789e48f18972563c8c5a560db423d83295dc9a0b593915c85e6945253ec608ee79d86601bc807c4a0ae9beb76f4b97d72ed27d9d94614c9bf6443a7d883dd40532845425f30444ff926172af896e/DUONG-KIM-MA-1725416856531.jpg.webp,Báo Đại biểu Nhân dân,1200x630,vỉa hè đường phố việt nam,./images\vỉa_hè_đường_phố_việt_nam_470703b4.webp,
https://hnm.1cdn.vn/2023/04/22/hanoimoi.com.vn-uploads-images-canhang-2023-04-22-_6_6.jpg,hanoimoi.com,1920x1440,vỉa hè đường phố việt nam,./images\vỉa_hè_đường_phố_việt_nam_1cfa1f32.jpg,
http://kientrucvietnam.org.vn/wp-content/uploads/2016/09/V4.jpg,Kiến trúc,567x319,vỉa hè đường phố việt nam,./images\vỉa_hè_đường_phố_việt_nam_52d4490e.jpg,
https://cdn.thuvienphapluat.vn/uploads/tintuc/2022/05/18/lan-chiem-via-he-long-duong.jpg,Thư Viện Pháp Luật,640x439,vỉa hè đường phố việt nam,./images\vỉa_hè_đường_phố_việt_nam_6e1bc388.jpg,
https://nqs.1cdn.vn/2024/07/15/i.ex-cdn.com-chatluongvacuocsong.vn-files-content-2024-07-15-_con-duong-xan-anh2-1345.jpg,Người quan sát,680x402,vỉa hè đường phố việt nam,./images\vỉa_hè_đường_phố_việt_nam_5f959ca7.jpg,
https://cdnphoto.dantri.com.vn/Xf7FgKQS9jxCbRmjYjZif655OOo=/thumb_w/1920/2024/11/14/dji202411141651050092d-1731602248849.jpg?watermark=v1,Dân trí,1920x1280,vỉa hè đường phố việt nam,./images\vỉa_hè_đường_phố_việt_nam_fab570c1.jpg,
https://ashui.com/mag/images/stories/201204/viahe.jpg,Ashui.com,400x251,vỉa hè đường phố việt nam,./images\vỉa_hè_đường_phố_việt_nam_d6ed60f5.jpg,
https://image.sggp.org.vn/w1000/Uploaded/2025/yehotn/2024_08_26/via-he-tren-dia-ban-quan-1-duoc-ke-vach-son-phan-chia-phan-danh-cho-nguoi-di-bo-va-phan-de-xe-hai-banh-anh-thu-huong-9761.jpg.webp,BÁO SÀI GÒN GIẢI PHÓNG,1000x750,vỉa hè đường phố việt nam,./images\vỉa_hè_đường_phố_việt_nam_1253fbcd.webp,
https://static.ttbc-hcm.gov.vn/images/upload/09282023/3a-5611_8bd1fbb7.jpg,Trung tâm Báo chí TPHCM,560x420,vỉa hè đường phố việt nam,./images\vỉa_hè_đường_phố_việt_nam_d82aff6e.jpg,
https://vcdn1-vnexpress.vnecdn.net/2024/05/08/002JPG54391703168130jpeg759217-2786-4882-1715173655.jpg?w=1200&h=0&q=100&dpr=1&fit=crop&s=-3-LrZ5gUXvDLQkSpcLeQA,VnExpress,1198x799,vỉa hè đường phố việt nam,./images\vỉa_hè_đường_phố_việt_nam_5d3b5809.jpg,
https://cdn-i.vtcnews.vn/upload/2023/03/07/via-he-13-11085111.jpg,VTC News,2000x1376,vỉa hè đường phố việt nam,./images\vỉa_hè_đường_phố_việt_nam_0c3fdeef.jpg,
https://suckhoedoisong.qltns.mediacdn.vn/324455921873985536/2022/10/19/hoa-10-large-1666149326699702213382-16661543196751394608837.jpeg,Sức khỏe đời sống,1280x960,vỉa hè đường phố việt nam,./images\vỉa_hè_đường_phố_việt_nam_9990ceb8.jpeg,
https://image.plo.vn/w1000/Uploaded/2024/vocgmvlw/2024_07_16/thanh-pho-dau-tien-o-viet-nam-co-via-he-danh-cho-xe-dap-1-2842.jpg.webp,Tra Cứu Quy Hoạch,1000x563,vỉa hè đường phố việt nam,./images\vỉa_hè_đường_phố_việt_nam_ab9c6cdc.webp,
https://hnm.1cdn.vn/2023/05/26/hanoimoi.com.vn-uploads-images-phananh-2023-05-25-_vh1b.jpg,hanoimoi.com,800x514,vỉa hè đường phố việt nam,./images\vỉa_hè_đường_phố_việt_nam_8cbf96ad.jpg,
https://static.baovanhoa.vn/zoom/1200_630/Uploaded/Ngothithuytrang/2024_07_18/xe_dap_2_INII.JPG,Báo Văn Hóa,1200x630,vỉa hè đường phố việt nam,./images\vỉa_hè_đường_phố_việt_nam_35f6a3cc.JPG,
https://sgtvt.hochiminhcity.gov.vn/Tin-tuc/Chi-tiet-bai-viet/moduleId/2002/controller/TinTuc/action/Image?filePath=/NOIDUNG/2024/1/29/NOIDUNG_04175906.jpg,Sở Giao Thông Vận Tải,730x488,vỉa hè đường phố việt nam,./images\vỉa_hè_đường_phố_việt_nam_c6402a51.jpg,
https://static-images.vnncdn.net/files/publish/2023/2/10/via-he-1-296.jpg,VietNamNet,1920x1278,vỉa hè đường phố việt nam,./images\vỉa_hè_đường_phố_việt_nam_f3189f59.jpg,
https://baoxaydung.com.vn/stores/news_dataimages/vananh/042017/12/22/220945baoxaydung_image001.jpg,Báo Xây dựng,1134x849,vỉa hè đường phố việt nam,./images\vỉa_hè_đường_phố_việt_nam_dd0f80aa.jpg,
https://baogiaothong.mediacdn.vn/upload/images/2022-1/article_img/2022-01-04/img-bgt-2021-z3080601213780-694d7334b50b6755a8646a38f9fbbfbc-1641293128-width1700height1080.jpg,Báo Giao Thông,700x444,vỉa hè đường phố việt nam,./images\vỉa_hè_đường_phố_việt_nam_cfc08f66.jpg,
https://image.baophapluat.vn/w840/Uploaded/2024/athlraqhpghat/2023_02_11/minh-hoa-4688.jpg,Báo Pháp luật Việt Nam điện tử,840x549,vỉa hè đường phố việt nam,./images\vỉa_hè_đường_phố_việt_nam_663903eb.jpg,
https://cdn.daibieunhandan.vn/images/b9dccf2610944215cc16af20b31f48416ffccb7e3c4080d5ba15fff948d1189a2e5d1decf4afe42ba861a5eb331046ad68a253ef8f6ff8e98ae864d6fd72bf6d/13-1725417381332.jpg,Báo Đại biểu Nhân dân,1000x667,vỉa hè đường phố việt nam,./images\vỉa_hè_đường_phố_việt_nam_c9a7fad4.jpg,
https://ttol.vietnamnetjsc.vn//2015/11/11/14/09/am-thuc-via-he-viet-nam-vao-top-trai-nghiem-tuyet-nhat_1.jpg,Tintuconline,600x375,vỉa hè đường phố việt nam,./images\vỉa_hè_đường_phố_việt_nam_289041d5.jpg,
https://ddk.1cdn.vn/2023/12/15/W_7085922e985a3004694b.jpg,Báo Đại Đoàn Kết,1920x1440,vỉa hè đường phố việt nam,./images\vỉa_hè_đường_phố_việt_nam_8d4455d0.jpg,
https://cdn1z.reatimes.vn/mediav2/media/uploaded/21/2017/04/03/5-407656-1491179268012-73-0-1344-2048-crop-1491179277719.jpg,Reatimes,800x496,vỉa hè đường phố việt nam,./images\vỉa_hè_đường_phố_việt_nam_26d43978.jpg,
https://images2.thanhnien.vn/zoom/686_429/528068263637045248/2023/12/25/anh-11-1702119555914585113529-17035152521791696686466-250-0-1500-2000-crop-17035153454841997972358.jpg,Báo Thanh Niên,686x429,vỉa hè đường phố việt nam,./images\vỉa_hè_đường_phố_việt_nam_7005b1ce.jpg,
https://vnmedia.vn/file/8a10a0d36ccebc89016ce0c6fa3e1b83/old_image/201703/original/images1912892_002_via_he.jpg,VnMedia,550x411,vỉa hè đường phố việt nam,./images\vỉa_hè_đường_phố_việt_nam_f4c6936d.jpg,
https://tckt.hn.ss.bfcplatform.vn/2017/03/17A03050-tckt-01.jpg,Tạp chí Kiến trúc,1010x778,vỉa hè đường phố việt nam,./images\vỉa_hè_đường_phố_việt_nam_a9a1f39d.jpg,
https://i.ytimg.com/vi/5PA5LI_gWEA/hq720.jpg?sqp=-oaymwEhCK4FEIIDSFryq4qpAxMIARUAAAAAGAElAADIQj0AgKJD&rs=AOn4CLCmI9v_fbCKpp1ARwyi8L8f8pz8bQ,YouTube,686x386,vỉa hè đường phố việt nam,./images\vỉa_hè_đường_phố_việt_nam_203d2d93.jpg,
https://cdnmedia.baotintuc.vn/2017/04/19/23/15/via-he-hn3w%20(2).jpg,baotintuc.vn,650x430,vỉa hè đường phố việt nam,./images\vỉa_hè_đường_phố_việt_nam_e4f2e761.jpg,
https://cand.com.vn/Files/Image/chienthang/2020/04/06/thumb_660_298a59a4-3608-4c1e-917b-17d840cf2689.jpg,Công an Nhân dân,660x446,vỉa hè đường phố việt nam,./images\vỉa_hè_đường_phố_việt_nam_26a41842.jpg,
https://toquoc.mediacdn.vn/thumb_w/640/280518851207290880/2022/9/9/screen-shot-2022-09-09-at-002318-1662686752739976831124.png,Trí Thức Trẻ,640x1077,vỉa hè đường phố việt nam,./images\vỉa_hè_đường_phố_việt_nam_ba0bf14b.png,
https://media.vneconomy.vn/w800/images/upload/2023/12/28/1-1.jpg,VnEconomy,800x420,vỉa hè đường phố việt nam,./images\vỉa_hè_đường_phố_việt_nam_b81a3974.jpg,
https://media-cdn-v2.laodong.vn/storage/newsportal/2024/1/11/1291321/Via-He-Tphcm-2.jpg,Báo Lao động,1280x960,vỉa hè đường phố việt nam,./images\vỉa_hè_đường_phố_việt_nam_9e7be4bf.jpg,
https://storage-vnportal.vnpt.vn/ndh-ubnd/6027/Anh%20bai%20viet%20web/untitled-1_20240804182359.jpg,Tỉnh ủy Nam Định,960x540,vỉa hè đường phố việt nam,./images\vỉa_hè_đường_phố_việt_nam_fc956dc9.jpg,
https://baoxaydung.com.vn/stores/news_dataimages/2022/112022/23/08/image00120221123080900.jpg?rt=20221123080933,Báo Xây dựng,1432x955,vỉa hè đường phố việt nam,./images\vỉa_hè_đường_phố_việt_nam_2d51f74f.jpg,
https://nqs.1cdn.vn/2024/12/04/statictttc.kinhtedothi.vn-zoom-1000-uploaded-nguyennhuquynh-2024_12_04-_via_he_1_wkjh.jpeg,Người quan sát,1000x666,vỉa hè đường phố việt nam,./images\vỉa_hè_đường_phố_việt_nam_f5d517a0.jpeg,
https://media.vietnamplus.vn/images/7255a701687d11cb8c6bbc58a6c80785de985748956c293a7d653e8bdb69fd01d15e9dc2ab043e16cba2fb68d30432a3426407fd60d3baa4fa22bd5a1aaa2a28/latdaviahe0307.jpg,Vietnam+ (VietnamPlus),1000x640,vỉa hè đường phố việt nam,./images\vỉa_hè_đường_phố_việt_nam_444ebc0c.jpg,
https://ddk.1cdn.vn/2024/10/30/nguyen_xien-le-khanh35.jpg,tracuuquyhoach.com,1920x1280,vỉa hè đường phố việt nam,./images\vỉa_hè_đường_phố_việt_nam_f07fc83d.jpg,
https://cdn.tuoitre.vn/thumb_w/480/471584752817336320/2024/7/14/base64-17209718662971073415449.jpeg,Báo Tuổi Trẻ,480x323,vỉa hè đường phố việt nam,./images\vỉa_hè_đường_phố_việt_nam_58dd5397.jpeg,
https://icdn.dantri.com.vn/thumb_w/680/dansinh/2024/10/03/anh-1-ky-2-kinh-te-via-he-ok-1727930145594.jpg,Dân sinh - Dân trí,680x429,vỉa hè đường phố việt nam,./images\vỉa_hè_đường_phố_việt_nam_befdc5fb.jpg,
https://i.ytimg.com/vi/mezQgKslE_s/hq720.jpg?sqp=-oaymwEhCK4FEIIDSFryq4qpAxMIARUAAAAAGAElAADIQj0AgKJD&rs=AOn4CLA5zqCCT8pSQteRKjRD09gvQBLvzA,YouTube,686x386,vỉa hè đường phố việt nam,./images\vỉa_hè_đường_phố_việt_nam_a8ea2c0d.jpg,
https://baogiaothong.mediacdn.vn/files/Baogiay/2017/04/04/6-0531.jpg,Báo Giao Thông,600x400,vỉa hè đường phố việt nam,./images\vỉa_hè_đường_phố_việt_nam_85f40952.jpg,
https://suckhoedoisong.qltns.mediacdn.vn/324455921873985536/2023/4/9/77ff7132-2ee0-4590-9ae0-b089f06673a4-16810314495241400404521.jpeg,Sức khỏe đời sống,2000x1500,vỉa hè đường phố việt nam,./images\vỉa_hè_đường_phố_việt_nam_9bb029e5.jpeg,
https://cdn-i.vtcnews.vn/resize/ma/upload/2022/10/28/sau-2-nam-da-lat-via-he-vo-du-do-ben-70-nam-14-19040436.jpg,VTC News,1920x1281,vỉa hè đường phố việt nam,./images\vỉa_hè_đường_phố_việt_nam_bfec1978.jpg,
https://cafefcdn.com/203337114487263232/2021/5/21/photo-2-16215610657201462677847.jpeg,CafeF,1999x1333,vỉa hè đường phố việt nam,./images\vỉa_hè_đường_phố_việt_nam_66da9ee6.jpeg,
https://vcdn1-vnexpress.vnecdn.net/2023/07/26/3-JPG-9385-1675933270-jpeg-8296-1690374843.jpg?w=460&h=0&q=100&dpr=2&fit=crop&s=A04ubR3cbbS79wBXuEboTw,VnExpress,920x614,vỉa hè đường phố việt nam,./images\vỉa_hè_đường_phố_việt_nam_02f58653.jpg,
https://hn.ss.bfcplatform.vn/tckt/2019/11/duy-th%E1%BB%8Bnh1.jpg,Tạp chí Kiến trúc,1000x376,vỉa hè đường phố việt nam,./images\vỉa_hè_đường_phố_việt_nam_4b70665b.jpg,
https://thanhnien.mediacdn.vn/Uploaded/huuhau/2017_03_03/1_NEJA.jpg,Báo Thanh Niên,1024x683,vỉa hè đường phố việt nam,./images\vỉa_hè_đường_phố_việt_nam_fbfc8433.jpg,
https://thuongtruong-fileserver.nvcms.net/IMAGES/2023/03/26/20230326143130-73dep-via-he.png,Thương Trường,990x630,vỉa hè đường phố việt nam,./images\vỉa_hè_đường_phố_việt_nam_5fcb3f3e.png,
https://ddk.1cdn.vn/2024/05/19/anh-bai-duoi(1).jpg,Báo Đại Đoàn Kết,1920x1449,vỉa hè đường phố việt nam,./images\vỉa_hè_đường_phố_việt_nam_9971d34c.jpg,
https://cdn.daibieunhandan.vn/images/b9dccf2610944215cc16af20b31f4841e7fca025354ae186be3989897ffdd87f3e5fbe18a0da9226734fdc5969e5d44e70fbbc8cc102e76030fee4b1f3bf33ea2b93bce4b5b876c59069228acf713e1b/Duong-Quang-Trung-1-1725416420577.jpg,Báo Đại biểu Nhân dân,1000x667,vỉa hè đường phố việt nam,./images\vỉa_hè_đường_phố_việt_nam_85046cdc.jpg,
https://cdnmedia.baotintuc.vn/Upload/3qVxwVtNEPp6Wp9kkF77g/files/2023/03/02/soc-trang-020323.jpg,baotintuc.vn,665x505,vỉa hè đường phố việt nam,./images\vỉa_hè_đường_phố_việt_nam_e156a295.jpg,
https://sgtvt.hochiminhcity.gov.vn/Tin-tuc/Chi-tiet-bai-viet/moduleId/2002/controller/TinTuc/action/Image?filePath=/NOIDUNG/2024/1/29/NOIDUNG_04175847.jpg,Sở Giao Thông Vận Tải,730x487,vỉa hè đường phố việt nam,./images\vỉa_hè_đường_phố_việt_nam_48a636af.jpg,
https://static.kinhtedothi.vn/w960/images/upload/2021/12/22/he-thong-day-cap-se-duoc-ha-ngam.jpg,Báo Kinh tế đô thị,600x577,vỉa hè đường phố việt nam,./images\vỉa_hè_đường_phố_việt_nam_80bcabec.jpg,
https://xdcs.cdnchinhphu.vn/zoom/600_315/446259493575335936/2023/3/25/viahe-16797055447471633276824-0-0-416-665-crop-1679705547495717496904.jpg,"Xây Dựng Chính Sách, Pháp Luật - Cổng Thông tin điện tử ...",600x315,vỉa hè đường phố việt nam,./images\vỉa_hè_đường_phố_việt_nam_46d6ac9f.jpg,
https://danviet.mediacdn.vn/296231569849192448/2024/11/21/lat-da-via-he-1-1732195472470867117976.jpeg,Dân Việt,2000x1334,vỉa hè đường phố việt nam,./images\vỉa_hè_đường_phố_việt_nam_e0bb84fe.jpeg,
https://nld.mediacdn.vn/291774122806476800/2023/9/29/via-he-bhtq-169595218305261199025.jpg,Báo Người Lao Động,2000x1500,vỉa hè đường phố việt nam,./images\vỉa_hè_đường_phố_việt_nam_1e33c4a7.jpg,
https://ddk.1cdn.vn/2024/10/30/nguyen_xien-le-khanh16.jpg,tracuuquyhoach.com,1920x1280,vỉa hè đường phố việt nam,./images\vỉa_hè_đường_phố_việt_nam_4eefb7ef.jpg,
https://cdn.tuoitre.vn/thumb_w/480/471584752817336320/2023/12/20/ct-phi-via-he-q1-2081857-3read-only-1703087276771848625332.jpg,Báo Tuổi Trẻ,480x333,vỉa hè đường phố việt nam,./images\vỉa_hè_đường_phố_việt_nam_517d1e25.jpg,
https://cand.com.vn/Files/Image/chienthang/2020/04/06/thumb_660_95bbb40e-f15f-42c3-a325-6796c43f46bf.jpg,Công an Nhân dân,660x436,vỉa hè đường phố việt nam,./images\vỉa_hè_đường_phố_việt_nam_e3e1a53c.jpg,
https://baoxaydung.com.vn/stores/news_dataimages/2022/112022/23/08/image00520221123080905.jpg?rt=20221123080954,Báo Xây dựng,1432x955,vỉa hè đường phố việt nam,./images\vỉa_hè_đường_phố_việt_nam_47c1ed82.jpg,
https://image.phunuonline.com.vn/fckeditor/upload/2023/20231218/images/nhieu-tuyen-duong-tai-tphcm-_931702912029.jpg,Báo Phụ Nữ,2000x1423,vỉa hè đường phố việt nam,./images\vỉa_hè_đường_phố_việt_nam_2965ba56.jpg,
https://cafefcdn.com/203337114487263232/2021/5/21/photo-1-1621561063104322947461.jpeg,CafeF,2000x1333,vỉa hè đường phố việt nam,./images\vỉa_hè_đường_phố_việt_nam_ad5e8f54.jpeg,
https://i.ytimg.com/vi/k-QIBQ1IZVg/hq720.jpg?sqp=-oaymwEhCK4FEIIDSFryq4qpAxMIARUAAAAAGAElAADIQj0AgKJD&rs=AOn4CLD_JnLr8YR4xpWfDy5_SlrGNz9oIQ,YouTube,686x386,vỉa hè đường phố việt nam,./images\vỉa_hè_đường_phố_việt_nam_4cf4aa0d.jpg,
https://media-cdn-v2.laodong.vn/Storage/NewsPortal/2023/2/26/1151815/Via-He-Ha-Noi-6.jpg,Báo Lao động,1960x1306,vỉa hè đường phố việt nam,./images\vỉa_hè_đường_phố_việt_nam_f122f0f5.jpg,
https://media.vneconomy.vn/w800/images/upload/2023/03/16/img-8602.JPG,VnEconomy,800x533,vỉa hè đường phố việt nam,./images\vỉa_hè_đường_phố_việt_nam_7f2ae8dd.JPG,
https://cdnphoto.dantri.com.vn/2Db8ZzlBRcRqhvR_hvxz18ko55A=/thumb_w/1920/2022/12/13/via-he-le-trong-tan3-1670942845576.jpg,Dân trí,1920x1280,vỉa hè đường phố việt nam,./images\vỉa_hè_đường_phố_việt_nam_9e2a6911.jpg,
https://file3.qdnd.vn/data/images/0/2022/10/02/tuanson/2.jpg?dpi=150&quality=100&w=870,Báo Quân đội nhân dân,600x400,vỉa hè đường phố việt nam,./images\vỉa_hè_đường_phố_việt_nam_50757016.jpg,
https://static-images.vnncdn.net/files/publish/2022/12/2/da-lat-via-he-1467.jpg,VietNamNet,1500x1125,vỉa hè đường phố việt nam,./images\vỉa_hè_đường_phố_việt_nam_bb0b9556.jpg,
https://media.vietnamplus.vn/images/7255a701687d11cb8c6bbc58a6c80785024db0eafb2d38c52a2509fabe99c057e7c410225496e988053a01a885fe276142a6db4abd79bc96b84ba282ff14975b/via_he_Ha_Noi_sau_1_nam_3.jpg,Vietnam+ (VietnamPlus),1000x667,vỉa hè đường phố việt nam,./images\vỉa_hè_đường_phố_việt_nam_efdc12de.jpg,
https://baogiaothong.mediacdn.vn/files/Baogiay/2017/03/14/14-0733.jpg,Báo Giao Thông,600x400,vỉa hè đường phố việt nam,./images\vỉa_hè_đường_phố_việt_nam_cb23215f.jpg,
https://cdn1z.reatimes.vn/mediav2/media/uploaded/22/2017/03/04/via-he-pho-co-hn-reatimes-vn9-1488642935.JPG,Reatimes,1024x662,vỉa hè đường phố việt nam,./images\vỉa_hè_đường_phố_việt_nam_f3ec9d91.JPG,
https://thanhphohaiphong.gov.vn/wp-content/uploads/2021/03/1615869307631_via20he2021.jpg,Cổng tin tức thành phố Hải Phòng,600x602,vỉa hè đường phố việt nam,./images\vỉa_hè_đường_phố_việt_nam_18bcf619.jpg,
https://cdnmedia.baotintuc.vn/Upload/Td3qmSNSjM5mhekL9vM2Q/files/2022/11/2-11-Viahe-70nam/Da-70nam-12.jpg,baotintuc.vn,1224x816,vỉa hè đường phố việt nam,./images\vỉa_hè_đường_phố_việt_nam_56574312.jpg,
https://cdn-i.vtcnews.vn/upload/2023/03/07/via-he-16-11115178.jpg,VTC News,2000x1215,vỉa hè đường phố việt nam,./images\vỉa_hè_đường_phố_việt_nam_0bd064b7.jpg,
https://photo-cms-anninhthudo.epicdn.me/Uploaded/2023/ohaybun/2023_03_13/img-20230312-164930-7427-7369.jpg,Phường Lê Đại Hành,960x1280,vỉa hè đường phố việt nam,./images\vỉa_hè_đường_phố_việt_nam_70fcfb73.jpg,
https://cdn-images.vtv.vn/thumb_w/640/66349b6076cb4dee98746cf1/2024/11/18/package-media-95929873004950761653015.png,VTV.vn,640x360,vỉa hè đường phố việt nam,./images\vỉa_hè_đường_phố_việt_nam_d667f8dd.png,
https://cdn.daibieunhandan.vn/images/b9dccf2610944215cc16af20b31f48418d6a08be90ee5eeb99182d0cf39b6336a633560a0828c1388e0e0dd785bd80a1f137fa56cb690ce3cf60fc8927718b6898f990a040ec25ff0b031ec7ebddcf49/BUU-DIEN-DUONG-QUANG-TRUNG-1725416445336.jpg,Báo Đại biểu Nhân dân,1000x667,vỉa hè đường phố việt nam,./images\vỉa_hè_đường_phố_việt_nam_953b884b.jpg,
https://ddk.1cdn.vn/2023/02/24/image.daidoanket.vn-images-upload-chienvh-02242023-_4.jpg,Báo Đại Đoàn Kết,1920x1280,vỉa hè đường phố việt nam,./images\vỉa_hè_đường_phố_việt_nam_eaa31183.jpg,
https://nqs.1cdn.vn/2024/10/31/dautu.kinhtechungkhoan.vn-stores-news_dataimages-2024-102024-31-14-_son-la-chi-hon-tram-ty-de-lat-via-he-compressed20241031142958.jpg,Người quan sát,1200x675,vỉa hè đường phố việt nam,./images\vỉa_hè_đường_phố_việt_nam_870fc529.jpg,
https://danviet.mediacdn.vn/296231569849192448/2024/5/9/phan-boi-chau-1715248211796409663918.jpg,Dân Việt,2560x1707,vỉa hè đường phố việt nam,./images\vỉa_hè_đường_phố_việt_nam_e0c1843c.jpg,
https://suckhoedoisong.qltns.mediacdn.vn/324455921873985536/2024/11/12/duong-vu-quynh-10-17313885106051748343018-54-0-1654-2560-crop-17313896161741678427642.jpg,Sức khỏe đời sống,2000x1250,vỉa hè đường phố việt nam,./images\vỉa_hè_đường_phố_việt_nam_cd1cf5c9.jpg,
https://sgtvt.hochiminhcity.gov.vn/Tin-tuc/Chi-tiet-bai-viet/moduleId/2002/controller/TinTuc/action/Image?filePath=/NOIDUNG/2024/5/13/NOIDUNG_10332442.jpg,Sở GTVT TPHCM,1024x768,vỉa hè đường phố việt nam,./images\vỉa_hè_đường_phố_việt_nam_c5d5a211.jpg,
https://cdn.tuoitrethudo.vn/stores/news_dataimages/2022/082022/24/14/9c88e3e827e3967510defc4b6f79a9f1.jpg?rt=20220824141859,Báo Tuổi Trẻ Thủ Đô,1024x768,vỉa hè đường phố việt nam,./images\vỉa_hè_đường_phố_việt_nam_0bacfe34.jpg,
https://cdn.lawnet.vn//nhch-images/images/2025/PVHM/Thang1/0106/di-tren-via-he.png,LawNet,600x400,vỉa hè đường phố việt nam,./images\vỉa_hè_đường_phố_việt_nam_41b15a59.png,
https://cdn.haiphong.gov.vn/gov-hpg/SiteFolders/huyenthuynguyen/6127/tintuc/2024/3/img_4177638473221817484676.jpeg,huyện Thủy Nguyên - Thành phố Hải Phòng,2560x1196,vỉa hè đường phố việt nam,./images\vỉa_hè_đường_phố_việt_nam_16df103c.jpeg,
https://thegioianh.diendandoanhnghiep.vn/wp-content/uploads/2023/06/hanoi_zing_5_1__1.jpg,Thế Giới Ảnh - Diễn đàn Doanh nghiệp,960x640,vỉa hè đường phố việt nam,./images\vỉa_hè_đường_phố_việt_nam_e6dbf854.jpg,
https://baogiaothong.mediacdn.vn/603483875699699712/2024/8/14/via-he-4-1723611580156603767150.jpg,tracuuquyhoach.com,2560x1920,vỉa hè đường phố việt nam,./images\vỉa_hè_đường_phố_việt_nam_222a4adf.jpg,
https://nld.mediacdn.vn/291774122806476800/2023/2/14/5-chot-16763870957762116956221.jpg,Báo Người Lao Động,2000x1192,vỉa hè đường phố việt nam,./images\vỉa_hè_đường_phố_việt_nam_95f113d4.jpg,
https://images2.thanhnien.vn/528068263637045248/2024/2/26/bdv-1-1708947526674829948280.jpg,Báo Thanh Niên,1280x1038,vỉa hè đường phố việt nam,./images\vỉa_hè_đường_phố_việt_nam_57e66e66.jpg,
https://giayphepxaydunghcm.vn/wp-content/uploads/2021/09/via-he-thuoc-loai-cong-trinh-gi.jpg,Giấy Phép Xây Dựng,670x437,vỉa hè đường phố việt nam,./images\vỉa_hè_đường_phố_việt_nam_ac6d1001.jpg,
https://cdn.thuvienphapluat.vn/uploads/khoinghiep/2023/08/17/via-he.png,Thư Viện Pháp Luật,600x400,vỉa hè đường phố việt nam,./images\vỉa_hè_đường_phố_việt_nam_e69b2446.png,
https://vcdn1-vnexpress.vnecdn.net/2017/05/29/viahethongthoang-1496042339.jpg?w=500&h=300&q=100&dpr=1&fit=crop&s=5flmxrZl4A5xYI0VtZUCKg,VnExpress,500x300,vỉa hè đường phố việt nam,./images\vỉa_hè_đường_phố_việt_nam_2789d4bc.jpg,
https://i.ytimg.com/vi/M4ZyVEn1Mq4/hq720.jpg?sqp=-oaymwEhCK4FEIIDSFryq4qpAxMIARUAAAAAGAElAADIQj0AgKJD&rs=AOn4CLASD-oavA-5iBY6-f1jFaqWWt8C3A,YouTube,686x386,vỉa hè đường phố việt nam,./images\vỉa_hè_đường_phố_việt_nam_1ec009e0.jpg,
https://baoxaydung.com.vn/stores/news_dataimages/2022/112022/23/08/image00320221123080903.jpg?rt=20221123080948,Báo Xây dựng,1432x955,vỉa hè đường phố việt nam,./images\vỉa_hè_đường_phố_việt_nam_5d18b599.jpg,
https://cdn.tuoitre.vn/thumb_w/480/471584752817336320/2024/10/25/go-bo-via-he-kha-vy-1729843472306599547841-963-0-2163-1920-crop-17298436144191076459095.jpg,Báo Tuổi Trẻ,480x300,vỉa hè đường phố việt nam,./images\vỉa_hè_đường_phố_việt_nam_28d2f759.jpg,
https://baoxaydung.com.vn/stores/news_dataimages/hiep/082020/20/19/0802_image002.jpg,Hội vật liệu xây dựng Việt Nam,1057x792,vỉa hè đường phố việt nam,./images\vỉa_hè_đường_phố_việt_nam_aebb0155.jpg,
https://static-images.vnncdn.net/files/publish/2023/2/10/via-he-3-298.jpg,VietNamNet,1920x1278,vỉa hè đường phố việt nam,./images\vỉa_hè_đường_phố_việt_nam_0f4af366.jpg,
https://cdnphoto.dantri.com.vn/p1we78tjQkG8PgcgAhGGbnnKnLs=/2022/11/03/z3775430287443afca8f192a8dbd8dfbaff31da9200021-edited-1664955748086-1667493055796.jpeg,Dân trí,680x453,vỉa hè đường phố việt nam,./images\vỉa_hè_đường_phố_việt_nam_f752b09f.jpeg,
https://media.vietnamplus.vn/images/7255a701687d11cb8c6bbc58a6c80785f710f21e4ee0c569955a3ad40186fac2b674554aa56872c5c5918e3eea085147f03af3de7461275049a31a8da9885652/lat-da-via-he-1-1465.jpg.webp,Vietnam+ (VietnamPlus),1000x667,vỉa hè đường phố việt nam,./images\vỉa_hè_đường_phố_việt_nam_b7c7167a.webp,
https://cdn1z.reatimes.vn/mediav2/media/uploaded/56/2017/03/30/via-he-bi-lan-chiem-o-ha-noi-reatimes-vn2017-1488361813.JPG,Reatimes,800x531,vỉa hè đường phố việt nam,./images\vỉa_hè_đường_phố_việt_nam_de1cdbb9.JPG,
https://sgtvt.hochiminhcity.gov.vn/Tin-tuc/Chi-tiet-bai-viet/moduleId/2002/controller/TinTuc/action/Image?filePath=/NOIDUNG/2024/5/20/NOIDUNG_10101795.jpg,Sở GTVT TPHCM,1024x741,vỉa hè đường phố việt nam,./images\vỉa_hè_đường_phố_việt_nam_776e9b4c.jpg,
https://kenh14cdn.com/203336854389633024/2024/12/12/hien-trang-via-he-cho-thue-ha-noi-33-12411149-1733963841093-1733963841173663185347.jpg,Kenh14,1920x1280,vỉa hè đường phố việt nam,./images\vỉa_hè_đường_phố_việt_nam_7aa568ce.jpg,
https://danviet.mediacdn.vn/296231569849192448/2024/8/8/base64-1723099657353294737038.jpeg,Dân Việt,2000x1333,vỉa hè đường phố việt nam,./images\vỉa_hè_đường_phố_việt_nam_a05de3d3.jpeg,
https://ddk.1cdn.vn/2023/11/29/W_z4911475347944_7ab920dfc23c183f845597f2a49ee9e9.jpg,Báo Đại Đoàn Kết,1920x1440,vỉa hè đường phố việt nam,./images\vỉa_hè_đường_phố_việt_nam_77ac086e.jpg,
https://image.plo.vn/w1000/Uploaded/2025/unvjovh/2023_09_19/thumb00-00-26-22still006-487-551.jpg.webp,PLO,1000x562,vỉa hè đường phố việt nam,./images\vỉa_hè_đường_phố_việt_nam_3b96fa7c.webp,
https://anh.24h.com.vn/upload/1-2017/images/2017-03-01/1488369975-148836287436765-ca-phe-4.jpg,24H,768x473,vỉa hè đường phố việt nam,./images\vỉa_hè_đường_phố_việt_nam_5350d128.jpg,
https://cdn.daibieunhandan.vn/images/b9dccf2610944215cc16af20b31f48415a64b7420fa83ac1821a681eee99a8cce9802b587f3266fb07605924985f9afd1fe0592bb841b43db4d11bb3ee1b87132b93bce4b5b876c59069228acf713e1b/duong-quang-trung-2-1725416504445.jpg,Báo Đại biểu Nhân dân,1000x667,vỉa hè đường phố việt nam,./images\vỉa_hè_đường_phố_việt_nam_231b3d04.jpg,
http://smartcity.binhdinh.gov.vn/admin/Uploads/PAHT_TaoMoi/2023/8/2023_8_f4078e2b-790c-4efe-a619-08af051cec16.jpg,Đô thị thông minh Bình Định - UBND tỉnh Bình Định,2560x1443,vỉa hè đường phố việt nam,./images\vỉa_hè_đường_phố_việt_nam_23138de2.jpg,
https://vcdn1-vnexpress.vnecdn.net/2022/11/10/9-JPG_1668062591-1668068250.jpg?w=460&h=0&q=100&dpr=2&fit=crop&s=TG2G5gAbcl7rUIureibmsw,VnExpress,920x613,vỉa hè đường phố việt nam,./images\vỉa_hè_đường_phố_việt_nam_07ef00a8.jpg,
https://laodongthudo.vn/stores/news_dataimages/minhphuong/042021/12/18/tran-lan-phuong-tien-lan-chiem-via-he-long-duong_2.jpg?rt=20210412181112,Báo Lao động thủ đô,1000x637,vỉa hè đường phố việt nam,./images\vỉa_hè_đường_phố_việt_nam_338506d5.jpg,
https://image.plo.vn/w1000/Uploaded/2024/vocgmvlw/2024_07_16/thanh-pho-dau-tien-o-viet-nam-co-via-he-danh-cho-xe-dap-7-5670.jpg.webp,Tra Cứu Quy Hoạch,1000x563,vỉa hè đường phố việt nam,./images\vỉa_hè_đường_phố_việt_nam_7016b774.webp,
https://media-cdn-v2.laodong.vn/Storage/NewsPortal/2023/2/26/1151815/Via-He-Ha-Noi-8.jpg,Báo Lao động,1960x1306,vỉa hè đường phố việt nam,./images\vỉa_hè_đường_phố_việt_nam_5e50cb6c.jpg,
https://cdn.thuvienphapluat.vn/phap-luat/2022/5/27/HN/lan-chiem-via-he.jpg,Thư Viện Pháp Luật,600x400,vỉa hè đường phố việt nam,./images\vỉa_hè_đường_phố_việt_nam_48ffdeb1.jpg,
https://cdnmedia.baotintuc.vn/Upload/DUU6RrxzRxC3rhmuFd3A/files/2024/04/pho-nui-truc-14.jpg,baotintuc.vn,1600x900,vỉa hè đường phố việt nam,./images\vỉa_hè_đường_phố_việt_nam_f4b306f2.jpg,
https://sohanews.sohacdn.com/160588918557773824/2023/3/17/photo-2-16790366157081007518585.jpg,SOHA,2000x1333,vỉa hè đường phố việt nam,./images\vỉa_hè_đường_phố_việt_nam_b17d8d58.jpg,
https://suckhoedoisong.qltns.mediacdn.vn/324455921873985536/2024/1/5/edit-z503974444382598869b247303572852e34800a2e0aa7d-1704443763429105263056.png,Sức khỏe đời sống,2000x1334,vỉa hè đường phố việt nam,./images\vỉa_hè_đường_phố_việt_nam_57359b1f.png,
https://www.viup.vn/media/ckfinder/images/Du%20an/47/43/20200521/news_2027/123.jpg,Viup,800x600,vỉa hè đường phố việt nam,./images\vỉa_hè_đường_phố_việt_nam_44ac9a8a.jpg,
https://nld.mediacdn.vn/thumb_w/640/291774122806476800/2024/1/18/5-xe-duoc-sap-xep-ngay-ngan-doc-via-he-duong-tran-hung-dao-quan-1-anh-ai-my-17055902629831104473360.jpg,Báo Người Lao Động,640x480,vỉa hè đường phố việt nam,./images\vỉa_hè_đường_phố_việt_nam_2151fc60.jpg,
https://cdn-i.doisongphapluat.com.vn/media/nguyen-ngoc-lam/2023/03/13/img8689.JPG,Đời sống & Pháp luật,1500x843,vỉa hè đường phố việt nam,./images\vỉa_hè_đường_phố_việt_nam_ebdb22b7.JPG,
https://1022-api.tayninh.gov.vn/Upload/PhanAnh/52660/hinhanh/6386986477656794939471.png,Tây Ninh,1440x1080,vỉa hè đường phố việt nam,./images\vỉa_hè_đường_phố_việt_nam_cb0f3db3.png,
https://congluan-cdn.congluan.vn/files/content/2019/04/08/anh-3-0927.jpg,Công Luận,5184x3456,vỉa hè đường phố việt nam,./images\vỉa_hè_đường_phố_việt_nam_131865e8.jpg,
https://sosanhtour.vn/wp-content/uploads/2024/07/lan-dau-co-via-he-danh-cho-xe-dap-tai-thanh-pho-hue-3-edited-1721098506234-scaled.jpeg,So Sánh Tour,2560x1706,vỉa hè đường phố việt nam,./images\vỉa_hè_đường_phố_việt_nam_14dc3ff7.jpeg,
https://cdn.nhansu.vn/uploads/img/PLTH/trang-thong-tin108.jpg,Nhân Lực Ngành Luật,600x400,vỉa hè đường phố việt nam,./images\vỉa_hè_đường_phố_việt_nam_c4302485.jpg,
https://media.vneconomy.vn/w800/images/upload/2021/05/02/ha-noi.jpg,VnEconomy,600x374,vỉa hè đường phố việt nam,./images\vỉa_hè_đường_phố_việt_nam_f9561bb2.jpg,
https://cdn.giaoducthoidai.vn/images/87a7b2442062a13f399c8570bdaf25652d12a76fe9f0bd475c635afdc3f214bca8716009315afc1488763445b71fc13f3293dbf0f855c411b32360133e324835dca3affb7c97f87365a7eac57a781c40/monanviahecohaiphunutodayvn_JBJM.jpg,Báo giáo dục thời đại,500x380,vỉa hè đường phố việt nam,./images\vỉa_hè_đường_phố_việt_nam_2d1a0a8a.jpg,
https://cdn.tuoitre.vn/thumb_w/480/2022/12/8/logo-anh-10-16704919991891979033996.jpg,Báo Tuổi Trẻ,480x320,vỉa hè đường phố việt nam,./images\vỉa_hè_đường_phố_việt_nam_bf17213e.jpg,
https://images2.thanhnien.vn/zoom/686_429/528068263637045248/2024/7/5/thu-phi-via-he-duong-hai-trieu-quan-1-tphcm-1720145788192745636245-107-0-1707-2560-crop-1720145993953960894466.jpg,Báo Thanh Niên,686x429,vỉa hè đường phố việt nam,./images\vỉa_hè_đường_phố_việt_nam_7d6d86b7.jpg,
https://baogiaothong.mediacdn.vn/upload/images/2023-1/article_img/2023-02-23/img-bgt-2021-z4132251587701-921d3dd2625e844ebb5e5c92d86729c4-1677154711-width1280height720.jpg,Báo Giao Thông,700x393,vỉa hè đường phố việt nam,./images\vỉa_hè_đường_phố_việt_nam_6e66815b.jpg,
https://anh.24h.com.vn/upload/1-2017/images/2017-03-01/1488369975-148836287420704-ca-phe-7.jpg,24H,1920x1080,vỉa hè đường phố việt nam,./images\vỉa_hè_đường_phố_việt_nam_77498e02.jpg,
https://i.ytimg.com/vi/Dxf_KoMRZ-k/hq720.jpg?sqp=-oaymwEhCK4FEIIDSFryq4qpAxMIARUAAAAAGAElAADIQj0AgKJD&rs=AOn4CLBOv59boEtjWUaLp7h-QnDcTRROIQ,YouTube,686x386,vỉa hè đường phố việt nam,./images\vỉa_hè_đường_phố_việt_nam_622e61d8.jpg,
https://ashui.com/mag/images/stories/201310/viahe4.jpg,Ashui.com,460x365,vỉa hè đường phố việt nam,./images\vỉa_hè_đường_phố_việt_nam_4c3f3f88.jpg,
https://cdnphoto.dantri.com.vn/89kGn8HZiOnjmv67bPFTSPF03hw=/thumb_w/1920/2024/11/15/ha-noi-ngon-ngang-lat-da-via-he-dip-cuoi-nam-4-edited-1731633786030.jpeg,Dân trí,1920x1280,vỉa hè đường phố việt nam,./images\vỉa_hè_đường_phố_việt_nam_33bcf8cc.jpeg,
https://cdn.tuoitrethudo.vn/stores/news_dataimages/2022/082022/24/14/a2fa8fdc9b25e0675cab7f1ea1b4db98.jpg?rt=20220824142415,Báo Tuổi Trẻ Thủ Đô,1024x768,vỉa hè đường phố việt nam,./images\vỉa_hè_đường_phố_việt_nam_215fb866.jpg,
https://nguoiduatin.mediacdn.vn/84137818385850368/2024/8/20/via-he-nguoiduatinvn-36-17241371216861840253975.jpg,Người Đưa Tin,2560x1440,vỉa hè đường phố việt nam,./images\vỉa_hè_đường_phố_việt_nam_735b3355.jpg,
https://image.baophapluat.vn/w840/Uploaded/2024/carwqwrwq/2019_03_08/0_VXJH.jpg,Báo Pháp luật Việt Nam điện tử,1000x565,vỉa hè đường phố việt nam,./images\vỉa_hè_đường_phố_việt_nam_4b2d9087.jpg,
https://image.tienphong.vn/600x315/Uploaded/2025/khunflu/2024_01_21/via-he-duong-tran-hung-dao-duoc-son-lai-vach-sau-thoi-gian-thu-phi-anh-luu-son-5197.jpg,Tiền Phong,600x315,vỉa hè đường phố việt nam,./images\vỉa_hè_đường_phố_việt_nam_6ef0df1d.jpg,
https://api.paht-phuly.vn/Upload/PhanAnh/94549/hinhanh/6384962999667223868163_0.png,Chi tiết phản ánh,1000x750,vỉa hè đường phố việt nam,./images\vỉa_hè_đường_phố_việt_nam_496bad54.png,
https://mtcs.1cdn.vn/2023/06/19/W_a1x.jpg,Môi trường & Cuộc sống,1920x1440,vỉa hè đường phố việt nam,./images\vỉa_hè_đường_phố_việt_nam_20789db0.jpg,
http://kientrucvietnam.org.vn/wp-content/uploads/2016/09/Greenville-Piazza-1.jpg,Tạp chí Kiến trúc Việt Nam,567x385,vỉa hè đường phố việt nam,./images\vỉa_hè_đường_phố_việt_nam_d7501a44.jpg,
https://image.baophapluat.vn/w840/Uploaded/2025/athlraqhpghat/2019_07_11/lan_chiem_via_he_HTOW.jpg,Báo Pháp luật Việt Nam điện tử,800x450,vỉa hè đường phố việt nam,./images\vỉa_hè_đường_phố_việt_nam_fe95a096.jpg,
https://cdnmedia.baotintuc.vn/Upload/DUU6RrxzRxC3rhmuFd3A/files/2024/10/cai-tao-via-he-5.jpg,CÔNG TY LUẬT TNHH NAM BẮC SÀI GÒN,1600x1200,vỉa hè đường phố việt nam,./images\vỉa_hè_đường_phố_việt_nam_242d484a.jpg,
https://bizweb.dktcdn.net/thumb/1024x1024/100/352/498/products/cot-den-trang-tri-bong-hoa-5-canh-zcv-f5-h5000xd2006-zalaa.jpg?v=1704191962307,ZALAA Lighting,1000x1000,vỉa hè đường phố việt nam,./images\vỉa_hè_đường_phố_việt_nam_73fc4038.jpg,
https://images.kienthuc.net.vn/zoom/800/uploaded/hongnhat/2017_03_22/vn/tu-via-he-viet-nam-bat-mi-chuyen-kinh-doanh-via-he-o-my-hinh-2.jpg,Kiến Thức,675x450,vỉa hè đường phố việt nam,./images\vỉa_hè_đường_phố_việt_nam_e0e472d6.jpg,
https://congan.namdinh.gov.vn/SiteFolders/congantinh/0.2023/Thang6/ATGT6ThangDN/15.jpg,Công an tỉnh,1536x2048,vỉa hè đường phố việt nam,./images\vỉa_hè_đường_phố_việt_nam_8989edcc.jpg,
https://cdn1.autodaily.vn/du-lieu/2014/12/06/xe-may-viahe-(3).jpg,Autodaily,1000x560,vỉa hè đường phố việt nam,./images\vỉa_hè_đường_phố_việt_nam_0c27fc70.jpg,
https://sosanhtour.vn/wp-content/uploads/2024/07/dji0869-edited-1721096130845-scaled.jpeg,So Sánh Tour,2560x1707,vỉa hè đường phố việt nam,./images\vỉa_hè_đường_phố_việt_nam_f2e947e5.jpeg,
https://image.phunuonline.com.vn/fckeditor/upload/2024/20240715/images/wm_7180_13.jpg,Báo Phụ Nữ,1000x666,vỉa hè đường phố việt nam,./images\vỉa_hè_đường_phố_việt_nam_8f8cc42a.jpg,
https://www.drivadz.vn/media/uploads/2017/03/23/entrance-grand-hyatt-new-york-v23.jpg,Drivadz,500x333,vỉa hè đường phố việt nam,./images\vỉa_hè_đường_phố_việt_nam_48a51638.jpg,
https://phunuvietnam.mediacdn.vn/179072216278405120/2023/11/9/via-he-ha-noi-nhon-nhip-thay-ao-moi21-16995247621501675985451.jpg,Báo Phụ nữ Việt Nam,2000x1125,vỉa hè đường phố việt nam,./images\vỉa_hè_đường_phố_việt_nam_af99c20a.jpg,
https://sohanews.sohacdn.com/160588918557773824/2023/3/17/photo-8-16790366403841051639501.jpg,SOHA,640x427,vỉa hè đường phố việt nam,./images\vỉa_hè_đường_phố_việt_nam_aab26158.jpg,
https://baohanam.com.vn/DATA/IMAGES/2022/07/15/20220715153615-56293959377-2494722457337145-456-2523-9931-1657874081.jpg,Báo Hà Nam,2048x1536,vỉa hè đường phố việt nam,./images\vỉa_hè_đường_phố_việt_nam_84514a18.jpg,
https://afamilycdn.com/150157425591193600/2024/4/18/nha-giua-duong-2-1713416762239-1713416763061389905099.jpg,aFamily,1600x900,vỉa hè đường phố việt nam,./images\vỉa_hè_đường_phố_việt_nam_2748747f.jpg,
https://danviet.mediacdn.vn/296231569849192448/2024/11/21/lat-da-via-he-2-17321954724991923353005.jpeg,Dân Việt,2000x1288,vỉa hè đường phố việt nam,./images\vỉa_hè_đường_phố_việt_nam_4f09dee8.jpeg,
http://media.vietq.vn/files/dang_long_trai_bo_vn_2.jpg,VietQ,1000x693,vỉa hè đường phố việt nam,./images\vỉa_hè_đường_phố_việt_nam_a7eef770.jpg,
https://static.ttbc-hcm.gov.vn/w815/images/upload/09192023/s1e-2641_046149b4.jpg,Trung tâm Báo chí TPHCM,560x327,vỉa hè đường phố việt nam,./images\vỉa_hè_đường_phố_việt_nam_13056852.jpg,
https://static-cms-prod.vinfastauto.com/quy-dinh-loi-do-xe-may-tren-via-he.jpg,VinFast,800x480,vỉa hè đường phố việt nam,./images\vỉa_hè_đường_phố_việt_nam_9cadd695.jpg,
https://thumb.photo-ac.com/86/86cba3c8986006f15b5513bb0d2d565f_t.jpeg,photoAC,511x340,vỉa hè đường phố việt nam,./images\vỉa_hè_đường_phố_việt_nam_f2fd4bfc.jpeg,
https://static-images.vnncdn.net/files/publish/2022/12/10/da-nguyen-chi-thanh-857.jpg,VietNamNet,1500x1125,vỉa hè đường phố việt nam,./images\vỉa_hè_đường_phố_việt_nam_d50e5abd.jpg,
https://photo.znews.vn/w660/Uploaded/spivpdiv/2024_09_14/goc.jpeg,Lifestyle - Znews,660x660,vỉa hè đường phố việt nam,./images\vỉa_hè_đường_phố_việt_nam_66a16673.jpeg,
https://hnm.1cdn.vn/2024/09/24/4(1).jpg,Phường Đồng Nhân - UBND thành phố Hà Nội,1200x784,vỉa hè đường phố việt nam,./images\vỉa_hè_đường_phố_việt_nam_61000c9d.jpg,
https://mediabcb.mediatech.vn/upload/image/202003/medium/1261_1.jpg,Báo Cao Bằng,1023x697,vỉa hè đường phố việt nam,./images\vỉa_hè_đường_phố_việt_nam_ab0e22a4.jpg,
https://ddk.1cdn.vn/2023/12/27/W_fd461cbd4d35e56bbc24.jpg,Báo Đại Đoàn Kết,1920x1440,vỉa hè đường phố việt nam,./images\vỉa_hè_đường_phố_việt_nam_5fdbd067.jpg,
https://image.plo.vn/Uploaded/2025/wopobun/2022_11_08/z3864358186646-41e1231e84b0f6c7126e45f43f405ed6-2954.jpg,PLO,4000x2250,vỉa hè đường phố việt nam,./images\vỉa_hè_đường_phố_việt_nam_71b76bd1.jpg,
https://static.kinhtedothi.vn/w960/images/upload/2024/08/28/20240827-201708.jpg,Báo Kinh tế đô thị,960x720,vỉa hè đường phố việt nam,./images\vỉa_hè_đường_phố_việt_nam_12445417.jpg,
https://sgtvt.hochiminhcity.gov.vn/Tin-tuc/Chi-tiet-bai-viet/moduleId/2002/controller/TinTuc/action/Image?filePath=/NOIDUNG/2024/1/29/NOIDUNG_04175964.jpg,Sở Giao Thông Vận Tải,730x458,vỉa hè đường phố việt nam,./images\vỉa_hè_đường_phố_việt_nam_a97d1ae6.jpg,
https://cdn-images.vtv.vn/thumb_w/640/2017/dsc-0165-1488901417284.jpg,VTV.vn,640x424,vỉa hè đường phố việt nam,./images\vỉa_hè_đường_phố_việt_nam_c2c7549d.jpg,
https://btnmt.1cdn.vn/2023/08/29/goc-anh-3.jpg,Báo Tài nguyên và Môi trường,1280x960,vỉa hè đường phố việt nam,./images\vỉa_hè_đường_phố_việt_nam_a749d8f5.jpg,
https://storage-vnportal.vnpt.vn/ndh-ubnd/6027/Anh%20bai%20viet%20web/untitled-1_20241125082730.png,Tỉnh ủy Nam Định,960x540,vỉa hè đường phố việt nam,./images\vỉa_hè_đường_phố_việt_nam_df8efb7f.png,
https://images.kienthuc.net.vn/zoomh/800/uploaded/nguyenanhson/2024_12_31/4/tien-dao-nguyen-xuan-son-he-lo-mon-an-via-he-beo-ngay.png,tracuuquyhoach.com,600x800,vỉa hè đường phố việt nam,./images\vỉa_hè_đường_phố_việt_nam_f5e1bffa.png,
https://image.baophapluat.vn/w840/Uploaded/2024/athlraqhpghat/2022_11_11/minh-hoa-8604.jpg,Báo Pháp luật Việt Nam điện tử,840x504,vỉa hè đường phố việt nam,./images\vỉa_hè_đường_phố_việt_nam_04c1176a.jpg,
https://media-cdn-v2.laodong.vn/Storage/NewsPortal/2023/2/13/1147283/DSC08800-01.jpg,Tổng Liên đoàn Lao động Việt Nam,1960x1306,vỉa hè đường phố việt nam,./images\vỉa_hè_đường_phố_việt_nam_ebb29706.jpg,
https://img.lsvn.vn/vne-news/June2023/A%203.jpg,lsvn.vn,1800x1007,vỉa hè đường phố việt nam,./images\vỉa_hè_đường_phố_việt_nam_893e8d81.jpg,
https://thainguyen.gov.vn/image/journal/article?img_id=6290199&t=1734774692534,UBND tỉnh Thái Nguyên,680x435,vỉa hè đường phố việt nam,./images\vỉa_hè_đường_phố_việt_nam_e7813cd3.jpg,
https://cafebiz.cafebizcdn.vn/162123310254002176/2023/6/14/ratio3x21200-2-16866483321411678413894-1686705508358-16867055089781352401677.jpg,CafeBiz,1200x800,vỉa hè đường phố việt nam,./images\vỉa_hè_đường_phố_việt_nam_ec544894.jpg,
https://cdnmedia.baotintuc.vn/2017/04/17/11/05/xe-tren-via-hew%20(2).jpg,baotintuc.vn,550x301,vỉa hè đường phố việt nam,./images\vỉa_hè_đường_phố_việt_nam_44e6a0f4.jpg,
https://cdn.thaibinhtv.vn/upload/news/47681_tai_lan_chiem_via_he_tai_xa_dong_xuan.jpg,Truyền Hình Thái Bình,960x540,vỉa hè đường phố việt nam,./images\vỉa_hè_đường_phố_việt_nam_e91d4ee1.jpg,
https://tuongtac.thuathienhue.gov.vn/UploadFiles/PhanAnh/2022/07/2022.7.27__nguyen_trai_1.jpg,Phản ánh hiện trường,960x1280,vỉa hè đường phố việt nam,./images\vỉa_hè_đường_phố_việt_nam_250b2d50.jpg,
https://media.vietnamplus.vn/images/7255a701687d11cb8c6bbc58a6c80785f710f21e4ee0c569955a3ad40186fac28b817a72d66b76101457b263e7f4e2cd6f691d8da5d65656a437a332a07be35b/lat-da-via-he-4-4660.jpg,Vietnam+ (VietnamPlus),1000x694,vỉa hè đường phố việt nam,./images\vỉa_hè_đường_phố_việt_nam_6a0741e3.jpg,
https://congan.namdinh.gov.vn/SiteFolders/congantinh/0.2014/Thang%2010/PC06%20ra%20quan%2010%2010/1.jpg,Công an tỉnh,960x1280,vỉa hè đường phố việt nam,./images\vỉa_hè_đường_phố_việt_nam_214e1b25.jpg,
https://cdn.thuviennhadat.vn/upload/hinh-anh-bai-viet/VHNH/chay-xe-tren-via-he.jpg,THƯ VIỆN NHÀ ĐẤT,600x400,vỉa hè đường phố việt nam,./images\vỉa_hè_đường_phố_việt_nam_c613b020.jpg,
https://images.kienthuc.net.vn/zoom/800/uploaded/trucchinh2/2020_08_11/quan-via-he-viet-nam-moc-len-giua-seoul-hinh-2.jpg,kienthuc.net.vn,660x581,vỉa hè đường phố việt nam,./images\vỉa_hè_đường_phố_việt_nam_68536955.jpg,
https://cdn-i.doisongphapluat.com.vn/resize/th/upload/2024/05/18/xe-may-lan-chiem-via-he-phat-bao-nhieu-1-17335623.jpeg,Đời sống & Pháp luật,820x546,vỉa hè đường phố việt nam,./images\vỉa_hè_đường_phố_việt_nam_a9bfe32e.jpeg,
https://img.giaoduc.net.vn/w1000/Uploaded/2025/bzivdqmb/2016_08_23/GDVN_anh_sai_pham_VLXD_tai_phuong_giap_bat5jpg.jpg,Giaoduc.net,800x512,vỉa hè đường phố việt nam,./images\vỉa_hè_đường_phố_việt_nam_e1575ec1.jpg,
https://tp-vinh-admin-api.vts-paht.com/Upload/PhanAnh/11106/hinhanh/6375701670590240649583_0.png,Chi tiết phản ánh,4224x1952,vỉa hè đường phố việt nam,./images\vỉa_hè_đường_phố_việt_nam_c16cf790.png,
https://cdnphoto.dantri.com.vn/GWI60Tn3DYHkw3eT0r1npM0bvwM=/thumb_w/1920/2024/11/15/ha-noi-ngon-ngang-lat-da-via-he-dip-cuoi-nam-3-edited-1731633744581.jpeg,Dân trí,1920x1280,vỉa hè đường phố việt nam,./images\vỉa_hè_đường_phố_việt_nam_c0715417.jpeg,
https://vietnamese.korea.net/upload/content/editImage/190228_nowinhanoi_article01.jpg,Korea.net,700x418,vỉa hè đường phố việt nam,./images\vỉa_hè_đường_phố_việt_nam_5b769447.jpg,
https://media.vneconomy.vn/w800/images/upload/2023/07/27/tp-hcm-thu-phi-su-dung-long-duong-via-he-tu-1-9.jpg,VnEconomy,800x577,vỉa hè đường phố việt nam,./images\vỉa_hè_đường_phố_việt_nam_cf4147b2.jpg,
http://media.anhp.vn:8081/files/2024/07IMG_20240716_084634.jpg,BÁO AN NINH HẢI PHÒNG,1276x956,vỉa hè đường phố việt nam,./images\vỉa_hè_đường_phố_việt_nam_6a935873.jpg,
https://vnmedia.vn/file/8a10a0d36ccebc89016ce0c6fa3e1b83/old_image/201704/original/images1916662_tem_LZGW.JPG,VnMedia,653x436,vỉa hè đường phố việt nam,./images\vỉa_hè_đường_phố_việt_nam_3322897d.JPG,
http://quanly.moitruongvadothi.vn/Includes/NewsImg/5_2021/11609_1.jpg,Quản lý Môi trường - Chuyên trang của TC Môi trường và Đô ...,750x502,vỉa hè đường phố việt nam,./images\vỉa_hè_đường_phố_việt_nam_89d257cd.jpg,
https://i.ytimg.com/vi/vUNjA3BIyAM/hq720.jpg?sqp=-oaymwEhCK4FEIIDSFryq4qpAxMIARUAAAAAGAElAADIQj0AgKJD&rs=AOn4CLCnoBr4MXdY4GDJCnc8aAckEfT63w,YouTube,686x386,vỉa hè đường phố việt nam,./images\vỉa_hè_đường_phố_việt_nam_4bea4daa.jpg,
https://cdn.haiphong.gov.vn/gov-hpg/upload/ngoquyen/product/2023/4/z4245741698122_e5b266c175286aee6971eacf97b4afdf-54fcd7e5d94543d7abef252fb9b13086.jpg?maxwidth=2048,Quận Ngô Quyền - Thành phố Hải Phòng,2568x1926,vỉa hè đường phố việt nam,./images\vỉa_hè_đường_phố_việt_nam_70671365.jpg,
https://suckhoedoisong.qltns.mediacdn.vn/324455921873985536/2022/10/19/hoa-3-large-16661493264061556248345-1666154319831671917119.jpeg,Sức khỏe đời sống,1280x960,vỉa hè đường phố việt nam,./images\vỉa_hè_đường_phố_việt_nam_7abd4f40.jpeg,
https://image.plo.vn/w1000/Uploaded/2025/liwbzivo/2023_09_18/via-he-8-6410-7433.jpg.webp,PLO,1000x750,vỉa hè đường phố việt nam,./images\vỉa_hè_đường_phố_việt_nam_865ace82.webp,
https://laodongthudo.vn/stores/news_dataimages/thamle/042021/17/20/4332_IMG_9015.jpg?rt=20210417204335,Báo Lao động thủ đô,1000x667,vỉa hè đường phố việt nam,./images\vỉa_hè_đường_phố_việt_nam_5780a737.jpg,
https://kenh14cdn.com/203336854389633024/2024/10/11/7b2a0509-16598548429591828390669-1728646953134293169311-1728648128824-1728648128964824735768.jpg,Kenh14,2000x1333,vỉa hè đường phố việt nam,./images\vỉa_hè_đường_phố_việt_nam_7389b175.jpg,
https://tapchigiaothong.qltns.mediacdn.vn/481400261263945728/2023/3/22/base64-1679456574976493777035.png,Tạp chí Giao thông vận tải,911x683,vỉa hè đường phố việt nam,./images\vỉa_hè_đường_phố_việt_nam_8fc3b1fa.png,
https://nads.1cdn.vn/2024/05/08/z5419913407830_51d11d24a61ddb8c9d0ed4f9fe07d108.jpg,Tạp chí Nhiếp ảnh và Đời sống,1020x706,vỉa hè đường phố việt nam,./images\vỉa_hè_đường_phố_việt_nam_28de4653.jpg,
https://images2.thanhnien.vn/528068263637045248/2024/5/9/img0165-1715234946992341488809.jpg,Báo Thanh Niên,2560x1709,vỉa hè đường phố việt nam,./images\vỉa_hè_đường_phố_việt_nam_52c49a64.jpg,
https://cdn-i.vtcnews.vn/resize/ma/upload/2024/05/09/tran-hung-dao-6-12515733.jpg,VTC News,1920x1280,vỉa hè đường phố việt nam,./images\vỉa_hè_đường_phố_việt_nam_d7fd7512.jpg,
https://gvcviet.com/wp-content/uploads/2019/04/IMG_6585.jpg,Granite Việt,800x533,vỉa hè đường phố việt nam,./images\vỉa_hè_đường_phố_việt_nam_3956b5cd.jpg,
https://blogger.googleusercontent.com/img/b/R29vZ2xl/AVvXsEj7lil6KKoFFX7k4RjMqWSSNt-3xAQg2Y3XgFSNQOGC5_SzhBATOrzlrFQtyGh1iJ5CNYIWV73oH4qisux6-o3fdywestCFRoF88cqKoaIH3d8TwRnPdtYZaeSDWlwC2PHzlsmNiME-eEnW/s1600/vi%25CC%2589a+he%25CC%2580+sa%25CC%2580i+go%25CC%2580n+tru%25CC%259Bo%25CC%259B%25CC%2581c+75-danlambao.jpg,Danlambao,1600x993,vỉa hè đường phố việt nam,./images\vỉa_hè_đường_phố_việt_nam_ace627c4.jpg,
http://static.mattran.org.vn/zoom/540/uploaded/admin/2020_03_08/image025dqul_exhm.jpg,Mặt trận tổ quốc Việt Nam,540x372,vỉa hè đường phố việt nam,./images\vỉa_hè_đường_phố_việt_nam_bf93ea5c.jpg,
https://thoatnuocdanang.com/uploads/images/1073.jpg,Thoát nước,700x500,vỉa hè đường phố việt nam,./images\vỉa_hè_đường_phố_việt_nam_9c1f690c.jpg,
https://cdn.vietnam.vn/wp-content/uploads/2024/04/Via-he-thanh-bai-do-xe-sang-tranh-cho-nguoi.jpg,Vietnam.vn,1200x675,vỉa hè đường phố việt nam,./images\vỉa_hè_đường_phố_việt_nam_b888af34.jpg,
https://e.khoahoc.tv/photos/image/2017/03/14/via-he.jpg,KhoaHoc.tv,1000x750,vỉa hè đường phố việt nam,./images\vỉa_hè_đường_phố_việt_nam_cbca3322.jpg,
https://ktmt.vnmediacdn.com/images/2024/09/08/98-1725768351-img-7786.jpg,Kinh tế Môi trường,1600x1067,vỉa hè đường phố việt nam,./images\vỉa_hè_đường_phố_việt_nam_69c5a5cf.jpg,
https://img.docnhanh.vn/images/uploads/2025/01/04/w-o-to-do-via-he-21-68986.jpg,Đọc báo,1144x721,vỉa hè đường phố việt nam,./images\vỉa_hè_đường_phố_việt_nam_5a6232e5.jpg,
https://cafefcdn.com/thumb_w/640/203337114487263232/2024/10/11/avatar1728653023879-172865302417133845450.jpg,CafeF,640x335,vỉa hè đường phố việt nam,./images\vỉa_hè_đường_phố_việt_nam_4be9b7d9.jpg,
https://mtcs.1cdn.vn/2023/07/30/W_anh-1m.jpg,Môi trường & Cuộc sống,1200x900,vỉa hè đường phố việt nam,./images\vỉa_hè_đường_phố_việt_nam_8c2c099f.jpg,
https://baovephapluat.vn/data/images/0/2025/01/06/hadnt/14.jpg?dpi=150&quality=100&w=810&h=500&mode=crop&anchor=topcenter,Báo Bảo vệ pháp luật,810x500,vỉa hè đường phố việt nam,./images\vỉa_hè_đường_phố_việt_nam_5a537712.jpg,
https://annacoffee.vn/wp-content/uploads/2023/03/thiet-ke-quan-ca-phe-via-he-7.jpg,Anna Coffee,1429x1071,vỉa hè đường phố việt nam,./images\vỉa_hè_đường_phố_việt_nam_e43435a5.jpg,
https://bna.1cdn.vn/2017/04/19/uploaded-dataimages-201704-original-_images1879320_5.jpg,Báo Nghệ An,550x370,vỉa hè đường phố việt nam,./images\vỉa_hè_đường_phố_việt_nam_2c801aa9.jpg,
https://hnm.1cdn.vn/2023/04/22/hanoimoi.com.vn-uploads-images-canhang-2023-04-22-_6_6_6.jpg,hanoimoi.com,1920x1440,vỉa hè đường phố việt nam,./images\vỉa_hè_đường_phố_việt_nam_d1e02410.jpg,
https://cly.1cdn.vn/2024/06/15/img_0502.jpg,Báo Công lý,1920x1280,vỉa hè đường phố việt nam,./images\vỉa_hè_đường_phố_việt_nam_8b1079e3.jpg,
https://bqn.1cdn.vn/2017/03/09/images.baoquangnam.vn-dataimages-201703-original-_images1333213_mong_dung..jpg,Báo Quảng Nam,550x361,vỉa hè đường phố việt nam,./images\vỉa_hè_đường_phố_việt_nam_56063717.jpg,
https://thanhphohaiphong.gov.vn/wp-content/uploads/2025/01/c72a66e4-1df6-45a4-bf6b-1d094ff12c01-thi-c-21.jpg,Cổng tin tức thành phố Hải Phòng,1256x878,vỉa hè đường phố việt nam,./images\vỉa_hè_đường_phố_việt_nam_5399b3ce.jpg,
http://thitruongtudo.vn/upload/01_bai_viet/k21070.1.jpg,404 Not Found,680x360,vỉa hè đường phố việt nam,./images\vỉa_hè_đường_phố_việt_nam_65ec70d9.jpg,
https://luhanhvietnam.com.vn/du-lich/vnt_upload/news/05_2023/tra-da-via-he-ha-noi-binh-di_.jpg,Luhanhvietnam,700x875,vỉa hè đường phố việt nam,./images\vỉa_hè_đường_phố_việt_nam_08d487c1.jpg,
https://img.giaoduc.net.vn/w1000/Uploaded/2025/aoboplu/2012_12_14/quan-via-he-giaoduc.net%20(1).jpeg,Giaoduc.net,500x373,vỉa hè đường phố việt nam,./images\vỉa_hè_đường_phố_việt_nam_48fc954c.jpeg,
https://media-cdn-v2.laodong.vn/Storage/NewsPortal/2023/3/16/1158229/Vach-Ke-Duong-12-8.jpg,Báo Lao động,1960x1307,lối sang đường dành cho người đi bộ,./images\lối_sang_đường_dành_cho_người_đi_bộ_86bcb02e.jpg,
http://baoholaodong247.eportal.vn/Portals/26918/423b.jpg,baoholaodong247.com,348x348,lối sang đường dành cho người đi bộ,./images\lối_sang_đường_dành_cho_người_đi_bộ_91aa6c28.jpg,
https://everest.org.vn/upload_images/images/2023/11/03/vach-ke-duong-cho-nguoi-di-bo-03.png,Công ty luật TNHH Everest,800x450,lối sang đường dành cho người đi bộ,./images\lối_sang_đường_dành_cho_người_đi_bộ_5abe14ab.png,
https://cdn.thuvienphapluat.vn/uploads/tintuc/2023/11/09/nguoi-di-bo-qua-duong-2.jpg,Thư Viện Pháp Luật,1000x562,lối sang đường dành cho người đi bộ,./images\lối_sang_đường_dành_cho_người_đi_bộ_51462d56.jpg,
https://cdn.thuvienphapluat.vn/uploads/phapluat/2022-2/PTTQ/21032024/vach-ke-duong-ng-di-bo.jpg,Thư Viện Pháp Luật,600x400,lối sang đường dành cho người đi bộ,./images\lối_sang_đường_dành_cho_người_đi_bộ_7a63f9eb.jpg,
http://baoholaodong247.com/DesktopModules/Store/Thumbnail.aspx?IP=/Portals/26918/305.jpg&IW=892,baoholaodong247.com,348x289,lối sang đường dành cho người đi bộ,./images\lối_sang_đường_dành_cho_người_đi_bộ_027769ae.aspx,
https://congtyquynhnga.com/upload/images/Bien-bao-danh-cho-nguoi-di-bo-sang-ngang1.jpg,Công ty Quỳnh Nga,800x600,lối sang đường dành cho người đi bộ,./images\lối_sang_đường_dành_cho_người_đi_bộ_7b9341c1.jpg,
https://thanhnien.mediacdn.vn/Uploaded/maiha/2022_01_14/nguoi-di-bo-afp-5495.jpg,Báo Thanh Niên,1200x800,lối sang đường dành cho người đi bộ,./images\lối_sang_đường_dành_cho_người_đi_bộ_31f41f9f.jpg,
https://cdn.thuvienphapluat.vn/uploads/tintuc/2023/11/09/nguoi-di-bo-qua-duong.jpg,Thư Viện Pháp Luật,2062x1269,lối sang đường dành cho người đi bộ,./images\lối_sang_đường_dành_cho_người_đi_bộ_caeb3bf2.jpg,
https://giadinh.mediacdn.vn/296230595582509056/2021/10/29/vach-sang-duong-4-16354791949141489568641.jpg,Gia đình,1200x800,lối sang đường dành cho người đi bộ,./images\lối_sang_đường_dành_cho_người_đi_bộ_e62ca662.jpg,
https://cdn.tuoitre.vn/zoom/700_390/471584752817336320/2023/11/10/duongleloi-q1-dukhach4-2050570-2read-only-1699630063251396177997-139-0-1186-2000-crop-1699630908614941602615.jpg,Báo Tuổi Trẻ,700x390,lối sang đường dành cho người đi bộ,./images\lối_sang_đường_dành_cho_người_đi_bộ_efa52aa8.jpg,
https://media-cdn-v2.laodong.vn/Storage/NewsPortal/2023/3/16/1158229/Vach-Ke-Duong-12-6.jpg,Báo Lao động,1960x1148,lối sang đường dành cho người đi bộ,./images\lối_sang_đường_dành_cho_người_đi_bộ_ca7c5776.jpg,
https://cdn.tuoitre.vn/thumb_w/480/471584752817336320/2025/1/13/base64-1736759518587584043821.jpeg,Báo Tuổi Trẻ,480x320,lối sang đường dành cho người đi bộ,./images\lối_sang_đường_dành_cho_người_đi_bộ_94b68d9b.jpeg,
https://cdnmedia.baotintuc.vn/Upload/YZmStSDTjb0M07hFJ2gA/files/2021/08/27/nhat-ban-300821.jpeg,baotintuc.vn,1600x1082,lối sang đường dành cho người đi bộ,./images\lối_sang_đường_dành_cho_người_đi_bộ_c041658a.jpeg,
https://staticgthn.kinhtedothi.vn/zoom/868/uploaded/vantronggthn/2019_07_10/1e9a5925_xhdy.jpg,Giao thông Hà Nội,868x579,lối sang đường dành cho người đi bộ,./images\lối_sang_đường_dành_cho_người_đi_bộ_eba764d5.jpg,
https://vcdn1-vnexpress.vnecdn.net/2017/12/28/xe-8-9654-1514448206.jpg?w=460&h=0&q=100&dpr=2&fit=crop&s=K5YwTh02TBA1avVxOOr3ZQ,VnExpress,499x277,lối sang đường dành cho người đi bộ,./images\lối_sang_đường_dành_cho_người_đi_bộ_bd6542cf.jpg,
https://hatinh.gov.vn/uploads/topics/17369027206763.jpg,UBND tỉnh Hà Tĩnh,820x461,lối sang đường dành cho người đi bộ,./images\lối_sang_đường_dành_cho_người_đi_bộ_0c1bc742.jpg,
https://bizweb.dktcdn.net/100/352/036/files/bien-224.jpg?v=1575688521724,Châu Hưng 247,500x500,lối sang đường dành cho người đi bộ,./images\lối_sang_đường_dành_cho_người_đi_bộ_10b8cd50.jpg,
https://kyhieuantoan.com/wp-content/uploads/2019/06/bien-305-binh-duong-danh-cho-nguoi-dibo-bien-chi-dan-bien-hieu-lenh-bien-bao-giao-thong-phan-quang-gia-re-14.jpg,BIỂN BÁO AN TOÀN,300x251,lối sang đường dành cho người đi bộ,./images\lối_sang_đường_dành_cho_người_đi_bộ_ce938736.jpg,
http://batgt.camau.gov.vn/gallery/22-8-(4)-2.png,Ban An Toàn Giao Thông Tỉnh Cà Mau,800x400,lối sang đường dành cho người đi bộ,./images\lối_sang_đường_dành_cho_người_đi_bộ_68a1bce9.png,
https://cdn.tuoitre.vn/zoom/700_525/471584752817336320/2025/1/13/qua-duong-giaolo-nkkn-lychinhthang-q34-read-only-17363856544572053384223-174-0-1176-1913-crop-17367597687001839232488.jpg,Báo Tuổi Trẻ,700x525,lối sang đường dành cho người đi bộ,./images\lối_sang_đường_dành_cho_người_đi_bộ_bcdbfb46.jpg,
https://admin.vov.gov.vn/UploadFolder/KhoTin/Images/UploadFolder/VOVVN/Images/sites/default/files/styles/large_watermark/public/2023-03/vach_ke_duong_4.jpg,vov.gov.vn,1200x800,lối sang đường dành cho người đi bộ,./images\lối_sang_đường_dành_cho_người_đi_bộ_5ee208f1.jpg,
https://cdn.thuvienphapluat.vn/phap-luat/2022-2/TV/231104/nguoi-di-bo-qua-duong.jpg,Thư Viện Pháp Luật,600x400,lối sang đường dành cho người đi bộ,./images\lối_sang_đường_dành_cho_người_đi_bộ_4dffea45.jpg,
https://file3.qdnd.vn/data/images/0/2023/03/09/nguyenthao/led.jpg,Báo Quân đội nhân dân,960x640,lối sang đường dành cho người đi bộ,./images\lối_sang_đường_dành_cho_người_đi_bộ_2e2f5228.jpg,
https://media-cdn-v2.laodong.vn/Storage/NewsPortal/2023/3/16/1158229/Vach-Ke-Duong-11-3.jpg,Báo Lao động,1960x1196,lối sang đường dành cho người đi bộ,./images\lối_sang_đường_dành_cho_người_đi_bộ_54ebb609.jpg,
https://file.hstatic.net/1000310443/file/240065878_151973793753784_2479436541326118191_n_-_copy_7aee3b84ee884bd38e7e0733a362fc6a_grande.jpg,"LOD.,CORP",600x377,lối sang đường dành cho người đi bộ,./images\lối_sang_đường_dành_cho_người_đi_bộ_89015736.jpg,
https://www.thietbigiaothong24h.com/Portals/27907/Bien%20chi%20dan/423_jpg.jpg,"BHLĐ Châu Hưng chuyên thiết bị giao thông,bồn rửa mắt khẩn cấp giá rẻ",500x666,lối sang đường dành cho người đi bộ,./images\lối_sang_đường_dành_cho_người_đi_bộ_925193cd.jpg,
https://cdn-i.vtcnews.vn/resize/th/upload/2024/03/24/duong-chi-danh-cho-nguoi-di-bo-21161406.jpeg,VTC News,720x261,lối sang đường dành cho người đi bộ,./images\lối_sang_đường_dành_cho_người_đi_bộ_b81c069d.jpeg,
https://baogiaothong.mediacdn.vn/files/baogiay1/2016/02/18/20160201163955-8-0557.jpg,Báo Giao Thông,690x461,lối sang đường dành cho người đi bộ,./images\lối_sang_đường_dành_cho_người_đi_bộ_edb0ae30.jpg,
https://thietbigiaothongthanhtri.com/upload/images/bien-bao-danh-cho-nguoi-di-bo-thanh-tri-company-4.jpg,Thiết Bị Giao Thông Thành Tri,800x600,lối sang đường dành cho người đi bộ,./images\lối_sang_đường_dành_cho_người_đi_bộ_46ec54aa.jpg,
https://baothainguyen.vn/file/oldimage/baothainguyen/UserFiles/image/anhgiaothongduongbo.jpg,Báo Thái Nguyên,665x419,lối sang đường dành cho người đi bộ,./images\lối_sang_đường_dành_cho_người_đi_bộ_0c6733db.jpg,
